商品,地址,价格
全画幅套机佳能EOS 6D带启,广东,900
富士xa5套机 富士X-A5微,湖北,1599
包邮）佳能100D套机18-5,浙江,920
索尼A 7微单套机，带岩石星5,新疆,1499
便宜出尼康 d3100 套机 ,山东,460
几乎全新 尼康D3100单反套,四川,550
尼康FM10套机，几乎全新，带,北京,570
佳能单反ESO630，胶卷相机,江苏,150
【个人闲置】出卡西欧zs160,广东,550
出闲置三星pl120 ccd相,山东,600
急出急出!!!图片的东西全送一,广东,4700
尼康D60单反相机套机，配18,四川,400
出ccd相机，佳能，松下，卡西,浙江,399
佳能PowerShot S50,广东,450
佳能AE-1 胶片单反套机｜成,江西,899
S70智能摄像机 MG7，带原,山东,189
毕业急出 佳能///Ixus1,云南,228
佳能60D入门神机 九九成新套,北京,1000
佳能600D，85成新，带原装,广东,1010
索尼a55套机，黑色，低价出，,福建,450
佳能600d单反套机，配原装1,新疆,800
佳能650D套机，带原装18-,福建,920
佳能400D套机｜带EF 35,广东,370
尼康D40单反套机，带原装18,江苏,444
奥林巴斯OM1，配两个镜头，5,重庆,920
佳能EOS 70D（w）套机，,江苏,2000
佳能100d 坏机器不开机 配,浙江,268
佳能PowerShot A52,重庆,455
