id,token,标题,name,头像,点赞,收藏,评论,分享
6a55dd65000000001003f757,ABNrIU9Kj1LWAoLsud7dCtLNb-0Kf2yAIeoLrMdCZQhWs=,近15年NBA总冠军含金量排行榜！,篮球区域,https://sns-avatar-qc.xhscdn.com/avatar/1040g2jo30r2ab3d01e605p5slg3ap63mnm9papo?imageView2/2/w/80/format/jpg,11,2,49,0
6a55d1bc000000000603264d,ABNrIU9Kj1LWAoLsud7dCtLPx5T9I9gqGTgwRpz_BUYUQ=,🔥感觉回来了！杨瀚森夏联两双+单手隔扣,腾讯体育,https://sns-avatar-qc.xhscdn.com/avatar/1040g2jo31dv0ed8nh0005ph61f75prnq3adi3b8?imageView2/2/w/80/format/jpg,3620,273,1226,712
6a59c55c000000000101ff08,AB7_uRuJ16-IahPB1Sx7IAa4n1ZXg4TlAo5IhKimhBGlw=,当文班每进2球，身体天赋增加30%！,2K文班,https://sns-avatar-qc.xhscdn.com/avatar/1040g2jo31b680om8ng6g5pm3tmv7e61bsfcef1g?imageView2/2/w/80/format/jpg,92,24,19,23
6a5b6291000000000f009068,ABEAgP4coJ8pvXgDzq8_zpaKybRWHOnxWNXWA41i_FFew=,“维金斯掏出NBA级别的防守”,篮球摄手虎,https://sns-avatar-qc.xhscdn.com/avatar/1040g2jo31ijmt9pf02005o976i5g8k511oa1j60?imageView2/2/w/80/format/jpg,44,2,3,3
6a5b4e650000000001001e1b,ABEAgP4coJ8pvXgDzq8_zpaNawslXyK8B45RiEaVETO2M=,解锁AI新玩法 | 老詹头下一站在哪？💥,ZSZ Design,https://sns-avatar-qc.xhscdn.com/avatar/1040g2jo31vhraht4jm005nj5mfqg8dpph1k3cc8?imageView2/2/w/80/format/jpg,5,3,4,4
6a58bf70000000000f00a666,ABEFK-yckFkVOMZ13VzLbOItAcvHOlk2gI6RL-ewwvdTY=,看乔丹是如何在一众天才中脱颖而出的,nba民间图库,https://sns-avatar-qc.xhscdn.com/avatar/1040g2jo31ifd99h2g8605pef2hc13vtrqhv4sgo?imageView2/2/w/80/format/jpg,437,131,20,18
6a5ac85f000000001d00fdfa,ABt_ribSGvPgOmFMVE85lfRdKwk_YWBtVgVNdVa7SaE8U=,绝了！这球太帅了🔥🔥🔥,开心超人,https://sns-avatar-qc.xhscdn.com/avatar/1040g2jo31rsagug6is005pu2grc396pamsrpipg?imageView2/2/w/80/format/jpg,35,6,3,0
6a5b59fd000000000e037f73,ABEAgP4coJ8pvXgDzq8_zpaICHOTRY6WnIHSFHgtxcops=,洛杉矶湖人的4.5亿打水漂了么？,星仔聊球纪事🏀,https://sns-avatar-qc.xhscdn.com/avatar/1040g2jo322nkf8jm7u005p8u7nfossk6gmgqot8?imageView2/2/w/80/format/jpg,4,1,7,0
6a573bb9000000000803e599,ABjSHbn7Z-0MZ_oVOZkblHnUCDxNzNG_hsQhkh9_DgrFk=,盘点那些退役后穷困潦倒的NBA球员,篮球说书君,https://sns-avatar-qc.xhscdn.com/avatar/1040g2jo321qr4jp8n26g5n10jp3hk11vq9lvf3g?imageView2/2/w/80/format/jpg,906,193,141,63
6a5b752c000000000101e9a2,ABEAgP4coJ8pvXgDzq8_zpaAwEwfFBAHqJNpR59ocIhYM=,我同时发布了詹姆斯和杜兰特,- 枕头晒过太阳,https://sns-avatar-qc.xhscdn.com/avatar/1040g2jo31vcr5e682q005ot6j659tcaiirlu74g?imageView2/2/w/80/format/jpg,3,0,0,0
6a55f9200000000011007963,ABNrIU9Kj1LWAoLsud7dCtLJAnSIX1AwEzFkEgelbTo0M=,“詹姆斯也是有技术的”,篮球边角料,https://sns-avatar-qc.xhscdn.com/avatar/1040g2jo31l8cocctl0005q4j8vba6io42v4m5h8?imageView2/2/w/80/format/jpg,371,44,748,21
6a5b1161000000000f0169fc,ABEAgP4coJ8pvXgDzq8_zpaJEclG1UOsxdKWk2AtpiAoA=,救过兄弟的命，再打进NBA，他真的很圈粉！,篮球屋Warm,https://sns-avatar-qc.xhscdn.com/avatar/62d95a32e0dee3080454272d.jpg?imageView2/2/w/80/format/jpg,17,3,2,1
6a5b3663000000001f01e8f0,ABEAgP4coJ8pvXgDzq8_zpaM1LNtQLzbLwd7_ov6whiqI=,NBA live05精彩片段,Haha,https://sns-avatar-qc.xhscdn.com/avatar/5f29941b000000000100706b.jpg?imageView2/2/w/80/format/jpg,1,0,2,0
6a5999f3000000000301f334,AB7_uRuJ16-IahPB1Sx7IAa42Vasw_tcgCnJO5Rs9160E=,假设NBA球员都回归母队后之东部排名篇,勇士目击者,https://sns-avatar-qc.xhscdn.com/avatar/1040g2jo31v58kk3njq5g5qf4u2a0g6031d7vaog?imageView2/2/w/80/format/jpg,48,27,0,0
6a5b63af000000001101e764,ABEAgP4coJ8pvXgDzq8_zpaBANWEApXbERtHV7x3MwRuo=,NBA2K26一小时可以拿8个破帽器！,Well2Kup,https://sns-avatar-qc.xhscdn.com/avatar/1040g2jo3201dhtbkl46g5nfpn3qg8tqe156fqrg?imageView2/2/w/80/format/jpg,1,0,0,0
6a59ba3f000000000100ee8b,AB7_uRuJ16-IahPB1Sx7IAa7slxk2CGa4iIPASsWk4nZk=,NBA最年轻首秀TOP10，谁改变了历史？,城北小猪,https://sns-avatar-qc.xhscdn.com/avatar/1040g2jo320li8nju626g400qquiadkju0bqdrmo?imageView2/2/w/80/format/jpg,11,5,0,0
6a55cad5000000001c026809,ABNrIU9Kj1LWAoLsud7dCtLPCfKfWFQ5-bCDnYvPlLzCY=,大结局来了！詹姆斯即将官宣决定….,半场追分人,https://sns-avatar-qc.xhscdn.com/avatar/1040g2jo31oil7pcel8605ovgahl3q399h72ouco?imageView2/2/w/80/format/jpg,173,18,202,32
6a5ab183000000001f01cc0d,ABt_ribSGvPgOmFMVE85lfReKDx4ynL5avweKwCC5HEHE=,【深度系列】三大NBA现代化控卫？你喜欢谁,C-BAD,https://sns-avatar-qc.xhscdn.com/avatar/1040g2jo320ibqjah5m5g5phl4umhopthh6m2i98?imageView2/2/w/80/format/jpg,45,15,3,2
6a5ae50600000000140047f6,ABt_ribSGvPgOmFMVE85lfRdQIRRZwd8ABzEFVZB-pY_E=,很难想象如果NBA没了詹姆斯，后果会多严重,二哥日记本,https://sns-avatar-qc.xhscdn.com/avatar/1040g2jo320dogmosls6g5pqrs32ndkfqquj6hc8?imageView2/2/w/80/format/jpg,3,0,1,1
6a5b6eb70000000011015159,ABEAgP4coJ8pvXgDzq8_zpaKm6EJX2OQIjbqlqVHFTNP8=,,美职篮巅峰对决推荐官,https://sns-avatar-qc.xhscdn.com/avatar/1040g2jo322oj75vl72005pdsj0q3kjq0t28uu2o?imageView2/2/w/80/format/jpg,5,4,0,0
6a550c5e0000000022016d9c,ABNrIU9Kj1LWAoLsud7dCtLIfJnKmo5NGzXf394rE74xs=,谁说黄种人打不了NBA？这套最强阵容多强,篮球Sir,https://sns-avatar-qc.xhscdn.com/avatar/62d16eea380051887501d27e.jpg?imageView2/2/w/80/format/jpg,146,25,58,1
6a5b4c21000000001101b03b,ABEAgP4coJ8pvXgDzq8_zpaEPDYeUzQ4wTKDFsjx9fSFY=,,NBA HOOP PARK 篮球公园,https://sns-avatar-qc.xhscdn.com/avatar/67442e0e2ff99b0001df8d52.jpg?imageView2/2/w/80/format/jpg,2,0,0,0
6a5b68db000000001002a44d,ABEAgP4coJ8pvXgDzq8_zpaAr_Qb1tnZcR1MVn8b-U0xE=,35岁的考辛斯状态依旧却已被NBA淘汰！,球迷Seven,https://sns-avatar-qc.xhscdn.com/avatar/1040g2jo31f62ep9bm66g5pbcd3bmdu9v0dukqbg?imageView2/2/w/80/format/jpg,12,0,0,1
6a5a4194000000001d0220d4,ABt_ribSGvPgOmFMVE85lfRb-eewX29-1Bti7iTaKr3VY=,草帽团空降NBA赛场！,画三分,https://sns-avatar-qc.xhscdn.com/avatar/1040g2jo31sjb5iq0lk6g5ps6idc23lumfqqhnmo?imageView2/2/w/80/format/jpg,21,6,0,1
6a5b56de000000000f030ddd,ABEAgP4coJ8pvXgDzq8_zpaG0MZX5gKZVjBxqQC0DZs5Q=,NBA2K26一小时可以拿8个破帽器！,Well2K,https://sns-avatar-qc.xhscdn.com/avatar/1000g2jo2o2st0c4k80605p50pfv9ek173vj5tho?imageView2/2/w/80/format/jpg,2,0,0,0
6a5b728f00000000090345a6,ABEAgP4coJ8pvXgDzq8_zpaE46cpiE53b5sjqtkxGVRxg=,初入联盟的巨星夏季联赛都穿什么鞋？,篮球是一种态度Z🏀,https://sns-avatar-qc.xhscdn.com/avatar/1040g2jo30oih14nt2c005octr9a8deeo905ut48?imageView2/2/w/80/format/jpg,4,3,0,0
6a5b73230000000010024652,ABEAgP4coJ8pvXgDzq8_zpaFo732LF1i7E2qqLHAwXWwY=,杨瀚森夏联2.0有何进步？,不惑研究所,https://sns-avatar-qc.xhscdn.com/avatar/1040g2jo31h4sevupjs005o29fbqg8b37aj46lfo?imageView2/2/w/80/format/jpg,3,0,2,0
6a5b6ede000000001b01e565,ABEAgP4coJ8pvXgDzq8_zpaKwnuLSvN7PRv-PqFyVkVY0=,再见NBA！两届全明星后卫！彻底被伤病毁了,教主侃球,https://sns-avatar-qc.xhscdn.com/avatar/64efee44f683aebc87f846e3.jpg?imageView2/2/w/80/format/jpg,3,0,1,0
6a5a695a000000001c013bc3,ABt_ribSGvPgOmFMVE85lfRbvdX60iMNVC3AYeS8FhRXA=,NBA live05,Haha,https://sns-avatar-qc.xhscdn.com/avatar/5f29941b000000000100706b.jpg?imageView2/2/w/80/format/jpg,5,0,0,0
6a579792000000001700b930,ABjSHbn7Z-0MZ_oVOZkblHnZKUIDlAqYnO-H-1O8z1-sM=,“姚明是我最难打的对手，他太大了”,面包NBA,https://sns-avatar-qc.xhscdn.com/avatar/1040g2jo320bltclsls6g5q0hitrj96pnotgqvu0?imageView2/2/w/80/format/jpg,455,95,79,23
6a5978b2000000000c015b35,AB7_uRuJ16-IahPB1Sx7IAawTYDEdKXe2cIM0-TXZ3YNU=,NBA总裁肖华表态！催促詹姆斯尽快宣布决定,教主侃球,https://sns-avatar-qc.xhscdn.com/avatar/64efee44f683aebc87f846e3.jpg?imageView2/2/w/80/format/jpg,152,18,375,140
6a5aeb73000000000e03467a,ABt_ribSGvPgOmFMVE85lfRY4OF7qgONk2CWNhG2O9FSg=,后来啊，书没有读好，喜欢的人也没有在一起,24=23,https://sns-avatar-qc.xhscdn.com/avatar/1040g2jo31iskpqqq1c005odnc1qk0ltf8sk8nk8?imageView2/2/w/80/format/jpg,75,13,0,4
6a59294f000000001101d151,AB7_uRuJ16-IahPB1Sx7IAa3SdIEgPjhjfkS73SnZUVMg=,🔥骑士26-27赛季王炸阵容出炉！,牛头梗,https://sns-avatar-qc.xhscdn.com/avatar/1040g2jo320o31fttlk005n4fccs4jlt1ls9gf20?imageView2/2/w/80/format/jpg,4,2,0,0
6a5b44d3000000000f02ab03,ABEAgP4coJ8pvXgDzq8_zpaLq5hXSDATtygZGlElSLo9I=,006球星卡收藏的经典瞬间(附NBA双语学习),曼巴Hero,https://sns-avatar-qc.xhscdn.com/avatar/1040g2jo321lq3e0qn46g5q51hoqm9pis57ce37o?imageView2/2/w/80/format/jpg,6,1,0,0
6a5b6837000000000a03a5a9,ABEAgP4coJ8pvXgDzq8_zpaOmntsLH4MNRg6nsa0v01PQ=,毒脚兽字母哥，也被我詹控制了,小宋不懂球🏀,https://sns-avatar-qc.xhscdn.com/avatar/1040g2jo32234oib67k005q9vq47tobcu1gcilc0?imageView2/2/w/80/format/jpg,12,2,6,2
6a5b0952000000001102f12e,ABEAgP4coJ8pvXgDzq8_zpaLerDhGb3cOCcRMqmSccZu0=,杨瀚森背靠背砍9+10+3+2，立足NBA稳了,篮球大视野,https://sns-avatar-qc.xhscdn.com/avatar/1040g2jo31880gdoi4c005pnm0s2ng5bqjd84gp0?imageView2/2/w/80/format/jpg,60,7,128,4
6a5b50b40000000001002edb,ABEAgP4coJ8pvXgDzq8_zpaBbLxJ2Lf1IkdEZfj0POtoI=,“王不见王”,科比档案馆球哥說,https://sns-avatar-qc.xhscdn.com/avatar/1040g2jo31nf8dg2e5m005ptbau43jjauubbj608?imageView2/2/w/80/format/jpg,71,29,5,1
6a5b73da000000001b01f66c,ABEAgP4coJ8pvXgDzq8_zpaB_XMKxoXJCM4fan1n31yws=,那年的他，是篮球场上的战神！,曼巴精神,https://sns-avatar-qc.xhscdn.com/avatar/1040g2jo3220mlnqn7a605od87ohk1nbu3i1c678?imageView2/2/w/80/format/jpg,1,0,1,0
6a5a3567000000001100774e,ABt_ribSGvPgOmFMVE85lfRVMx2y8TEuxrRmJAGtY8I2s=,,秦卿,https://sns-avatar-qc.xhscdn.com/avatar/1040g2jo31hsf5neaja5g5p2h5ceaactmansvj6o?imageView2/2/w/80/format/jpg,268,73,26,19
6a5b1c93000000001003c884,ABEAgP4coJ8pvXgDzq8_zpaNt4y0pOs90vItznPk4KgYc=,41岁的他，一个决定，拖住了整个NBA,90后中登讲故事,https://sns-avatar-qc.xhscdn.com/avatar/1040g2jo32128bds2mu005ojfuh18d0aglev4lh8?imageView2/2/w/80/format/jpg,2,2,1,1
6a5b7203000000000401c04a,ABEAgP4coJ8pvXgDzq8_zpaHYsON_ZmLb6SDqvPccb1aQ=,“敏捷的兔子赐予你逆转时空的能力”,科比档案馆球哥說,https://sns-avatar-qc.xhscdn.com/avatar/1040g2jo31nf8dg2e5m005ptbau43jjauubbj608?imageView2/2/w/80/format/jpg,65,17,1,1
6a5b120b000000001101e1e5,ABEAgP4coJ8pvXgDzq8_zpaFJjAWvbgStqTXKS0UkU4p0=,爆：格林和詹姆斯这么开心，难道招募成功？,一杯冰美式,https://sns-avatar-qc.xhscdn.com/avatar/1040g2jo31r1hr5il72005p776aj0abihjo484g8?imageView2/2/w/80/format/jpg,4,1,0,0
6a5b2017000000000101fa2f,ABEAgP4coJ8pvXgDzq8_zpaA9AQ5m8IZBIEz3h1vIT2Kg=,NBA历史三巨头有多夸张,赛场档案馆,https://sns-avatar-qc.xhscdn.com/avatar/1040g2jo321tsh3ahno605o3tj5ggbkae66658vo?imageView2/2/w/80/format/jpg,19,6,0,2
6a597b3b000000000c015f44,AB7_uRuJ16-IahPB1Sx7IAa_VSPDCH19lLFKyoY_6Nboc=,🏀勇士out？詹姆斯暂不考虑加盟勇士！,不懂球的体育生,https://sns-avatar-qc.xhscdn.com/avatar/1040g2jo321gk4t3qnk6g5pvr6gk1o2mv725kmgo?imageView2/2/w/80/format/jpg,72,4,187,57
6a5a27bc0000000009037a4f,ABt_ribSGvPgOmFMVE85lfRSOTbOzOOfusTlrQftrQfeE=,NBA球星空降浙BA,体坛没有圈,https://sns-avatar-qc.xhscdn.com/avatar/1040g2jo30p9eobrn466g5obnjmd0kc130i17vq8?imageView2/2/w/80/format/jpg,12,0,0,8
6a5af9c2000000000101d766,ABt_ribSGvPgOmFMVE85lfRXYosSqElOmYMcL5WSkayGo=,我选的NBA82胜阵容来了！,赛场档案馆,https://sns-avatar-qc.xhscdn.com/avatar/1040g2jo321tsh3ahno605o3tj5ggbkae66658vo?imageView2/2/w/80/format/jpg,5,0,3,0
6a5b6ec2000000001d020273,ABEAgP4coJ8pvXgDzq8_zpaLcQIcBlc7bn-0oQc3h9CLQ=,身高第二与倒数第二的NBA东亚球员碰面,小德.源于帕纳辛纳科斯,https://sns-avatar-qc.xhscdn.com/avatar/1040g2jo313begk30g0605ogeuiuk1oiq91gv9po?imageView2/2/w/80/format/jpg,3,1,1,1
6a5b71bf000000000503a3d9,ABEAgP4coJ8pvXgDzq8_zpaDeEUFjtu5RcCwBcNIAshMQ=,7月19日WNBA：神秘人VS女武神,楠哥篮球笔记,https://sns-avatar-qc.xhscdn.com/avatar/1040g2jo322d9aaukna6g5qifel8jnn00vrssvm0?imageView2/2/w/80/format/jpg,0,0,0,0
6a59986b000000000f00af8a,AB7_uRuJ16-IahPB1Sx7IAa9RRrd4Nl-1DYC8acXOoIoI=,重磅！詹姆斯表态：再打1到2年，下家将揭晓,体育大世界,https://sns-avatar-qc.xhscdn.com/avatar/1000g2jo2nc9dc04ju0005os0r0e7r0a0pdnl6a0?imageView2/2/w/80/format/jpg,26,4,47,14
6a5b57fc000000000c017007,ABEAgP4coJ8pvXgDzq8_zpaFK_Km51uvdt8yIAMVawCuU=,[经典NBA]2018-2019赛季波士顿凯尔特人队,这泰裤辣吧,https://sns-avatar-qc.xhscdn.com/avatar/1040g2jo320akuqgo626g5p2e5q0aa6dir6m1p88?imageView2/2/w/80/format/jpg,5,0,1,1
6a5b612d0000000011013774,ABEAgP4coJ8pvXgDzq8_zpaEmCpsgbPYmdImYeNiMs19o=,周年庆白送雷阿伦？,巅峰对决老友、主玩音符,https://sns-avatar-qc.xhscdn.com/avatar/1040g2jo31m47qe4h4u5g5nhig3s08qlutjogq9o?imageView2/2/w/80/format/jpg,8,3,1,0
6a5b5ffd00000000100243cf,ABEAgP4coJ8pvXgDzq8_zpaOz37GToJ6y6Q0g0RB09B_E=,NBA里可以写进作文的金句,30号爆米花,https://sns-avatar-qc.xhscdn.com/avatar/1040g2jo321aitbdd7u405p2iekanu60ig4dr9no?imageView2/2/w/80/format/jpg,77,47,3,8
6a5a4544000000000f03f015,ABt_ribSGvPgOmFMVE85lfRd0Ez4NAehrryPzP2htdUng=,字母哥亮相热火发布会，公开邀约詹姆斯,跃动体闻,https://sns-avatar-qc.xhscdn.com/avatar/1040g2jo3205fep4o2a5g5on69nl7ojc1imp3is8?imageView2/2/w/80/format/jpg,3,0,2,2
6a5b30a8000000000f0043fa,ABEAgP4coJ8pvXgDzq8_zpaPLFk_xJiK_TUGtZAKLaKJA=,,篮球快报,https://sns-avatar-qc.xhscdn.com/avatar/1040g2jo3224mb87474005qa7kgvskrev42ctego?imageView2/2/w/80/format/jpg,5,0,1,0
6a5b0aa30000000001002c09,ABEAgP4coJ8pvXgDzq8_zpaPin90BqB6vSlE-KJjBSLr4=,Q版NBA明星插画头像,格调篮球圈,https://sns-avatar-qc.xhscdn.com/avatar/1040g2jo32294f4767u005nb156ag9bcgk3dikf0?imageView2/2/w/80/format/jpg,14,7,10,1
6a5b09c20000000011011f17,ABEAgP4coJ8pvXgDzq8_zpaOxDvR3xGrwEbCBqi58jwaI=,NBA每日新闻报道,俊礼纯真,https://sns-avatar-qc.xhscdn.com/avatar/1040g2jo31mqc4n4vl25g5q5pn6j6krjdugo2jso?imageView2/2/w/80/format/jpg,0,0,0,0
6a5b55e50000000001031d8c,ABEAgP4coJ8pvXgDzq8_zpaNY2ogjdJ522U2Uf1exsRsY=,7.18NBA今日球鞋,飞行中的兔,https://sns-avatar-qc.xhscdn.com/avatar/1040g2jo321n6qd27na605of05p9k1rfq9vat0a0?imageView2/2/w/80/format/jpg,9,2,1,2
6a5b7354000000000301e09a,ABEAgP4coJ8pvXgDzq8_zpaDZRBdeCBI6DuwxaOuejblE=,詹姆斯接近决定，联盟普遍感觉他会加盟东部,我要上热门,https://sns-avatar-qc.xhscdn.com/avatar/1040g2jo321ktg39f7e5g5qh3ocig8s00q9la6t8?imageView2/2/w/80/format/jpg,0,0,0,0
6a5b54a9000000000401c54e,ABEAgP4coJ8pvXgDzq8_zpaI8tpMnrVDdlTaOW8_LcY8k=,2000-2010是NBA防守强度最强的年代，不然库,24号男神,https://sns-avatar-qc.xhscdn.com/avatar/1040g2jo3222s89nmnu6g5p5nen8nop8s630b500?imageView2/2/w/80/format/jpg,0,0,4,0
6a59d465000000000301edf0,AB7_uRuJ16-IahPB1Sx7IAa-JvSTXSLZA-nzJbEelpV2A=,7月18日WNBA：太阳VS水星,楠哥篮球笔记,https://sns-avatar-qc.xhscdn.com/avatar/1040g2jo322d9aaukna6g5qifel8jnn00vrssvm0?imageView2/2/w/80/format/jpg,8,1,4,0
6a5ae71e000000000402b340,ABt_ribSGvPgOmFMVE85lfRekJUllAP3aH8J9yAwXW4dI=,什么！NBA状元竟然要携卡潜逃！,Topps收藏卡,https://sns-avatar-qc.xhscdn.com/avatar/1040g2jo319b3cdre62005pmmjcgne731po62eb8?imageView2/2/w/80/format/jpg,24,4,1,9
6a5adf430000000006013330,ABt_ribSGvPgOmFMVE85lfRZTWV8hV12dL-MgJW2K3Ufk=,神迹乔丹,米高佐敦,https://sns-avatar-qc.xhscdn.com/avatar/1040g2jo31tqgcoqenqdg5p5hf2p2qhf24e0iueg?imageView2/2/w/80/format/jpg,15,3,1,1
6a5b632f0000000001002661,ABEAgP4coJ8pvXgDzq8_zpaCSI8-X7O4IPMMjbdI5PxCo=,1996年NBA签下一份“和平协议”，两年后它,24号男神,https://sns-avatar-qc.xhscdn.com/avatar/1040g2jo3222s89nmnu6g5p5nen8nop8s630b500?imageView2/2/w/80/format/jpg,0,0,4,0
6a5b713e000000000100c85c,ABEAgP4coJ8pvXgDzq8_zpaDb1zWDCrBqpPp1jSdxdyg8=,2017/18 Carmelo Anthony,Duel,https://sns-avatar-qc.xhscdn.com/avatar/1040g2jo31lnk88sv58605p7ilephmeafag0c738?imageView2/2/w/80/format/jpg,8,3,1,0
6a5b60e10000000011018357,ABEAgP4coJ8pvXgDzq8_zpaC8j72OmnCEExL6vyYknJFg=,为什么会混入一张卡通图案?,哈哈睡觉睡觉睡觉觉,https://sns-avatar-qc.xhscdn.com/avatar/5b1890416b58b741707c961b.jpg?imageView2/2/w/80/format/jpg,9,0,8,2
6a5adb60000000000101e884,ABt_ribSGvPgOmFMVE85lfRUX5PmDklXBtHkADOTwmn40=,NBA夏季联赛 球员最佳表现,Tiack,https://sns-avatar-qc.xhscdn.com/avatar/1040g2jo31iv517mjhg005n7sfjske719qobj0do?imageView2/2/w/80/format/jpg,7,3,1,1
6a5a4c91000000000301e726,ABt_ribSGvPgOmFMVE85lfRaaDnbeYbWRH9A0MSZfwY3o=,2004/05 Allen Iverson,Duel,https://sns-avatar-qc.xhscdn.com/avatar/1040g2jo31lnk88sv58605p7ilephmeafag0c738?imageView2/2/w/80/format/jpg,30,13,0,1
6a59d508000000000a0382d3,AB7_uRuJ16-IahPB1Sx7IAa8mldTBvRJXcOVZtK6zg_J4=,家门口就能看NBA😱1w+全包！手慢无❗,奢享旅游-易飞易,https://sns-avatar-qc.xhscdn.com/avatar/14cfeb27-1d3d-4917-ac79-e76e87e41229.jpg?imageView2/2/w/80/format/jpg,1,1,1,1
6a5b105f0000000011015afe,ABEAgP4coJ8pvXgDzq8_zpaBK5OlRO_0RR-aB59s_GKlo=,,美职篮巅峰对决推荐官,https://sns-avatar-qc.xhscdn.com/avatar/1040g2jo322oj75vl72005pdsj0q3kjq0t28uu2o?imageView2/2/w/80/format/jpg,3,2,9,0
6a5a2e120000000011005a3d,ABt_ribSGvPgOmFMVE85lfRdifzlIEe8wFZ-Khhr0wnRQ=,NBA巅峰对决 ［攻略］,ddd,https://sns-avatar-qc.xhscdn.com/avatar/5e48fa430000000001007c9d.jpg?imageView2/2/w/80/format/jpg,0,0,0,0
6a5afffe00000000040287f7,ABt_ribSGvPgOmFMVE85lfRaUOuGEGUTFA_E2n3wZILgw=,📣圆梦NBA舞台的机会再次到来！,🥑Yuka,https://sns-avatar-qc.xhscdn.com/avatar/1040g2jo31a37b2dun2004b2ggcdfeufbkliuiro?imageView2/2/w/80/format/jpg,0,0,0,1
6a547ec3000000001603e9e3,ABPR2xrI6XFYqwMGOpEhVTfXaZk9Z6SDH5dRFPMe-SWws=,当科比每次投篮不进，身高-40，投篮+40！,2K文班,https://sns-avatar-qc.xhscdn.com/avatar/1040g2jo31b680om8ng6g5pm3tmv7e61bsfcef1g?imageView2/2/w/80/format/jpg,310,79,100,79
6a54922a000000000f01f56d,ABPR2xrI6XFYqwMGOpEhVTfVz8yf0784YxlwnMGsDQJQs=,NBA近11年状元排名，文班断档第一？,篮球区域,https://sns-avatar-qc.xhscdn.com/avatar/1040g2jo30r2ab3d01e605p5slg3ap63mnm9papo?imageView2/2/w/80/format/jpg,55,11,38,1
6a58ad96000000000101ca12,ABEFK-yckFkVOMZ13VzLbOIrghDaJGcwX7fA9p2Rko5Xc=,姆巴佩内马尔去看NBA比赛采访,女同厨,https://sns-avatar-qc.xhscdn.com/avatar/1040g2jo322g7s2jc7k705nto45igbmvohaapc6g?imageView2/2/w/80/format/jpg,3120,608,162,225
6a5b755300000000010019c1,ABEAgP4coJ8pvXgDzq8_zpaJEa4UMBfFQaFvOp1W2yklk=,最难防守的4个过人动作，学会打爆野球场！,Frank的篮球日记,https://sns-avatar-qc.xhscdn.com/avatar/63f6f9b2000000000f013bf8.jpg?imageView2/2/w/80/format/jpg,2,1,0,0
6a5b5e4e0000000001000777,ABEAgP4coJ8pvXgDzq8_zpaNHQLiaNbfF6wQoJfR8-voI=,纽约尼克斯总冠军 吃一大口橙子🍊,大雪山VTG,https://sns-avatar-qc.xhscdn.com/avatar/1040g2jo322m56n0u7a005os1r01nrs332oqne28?imageView2/2/w/80/format/jpg,0,1,0,1
6a570fd900000000070256ec,ABjSHbn7Z-0MZ_oVOZkblHnTEVaTg_sQc8-89Viy42KtM=,休赛期NBA球员都穿什么鞋？,篮球是一种态度Z🏀,https://sns-avatar-qc.xhscdn.com/avatar/1040g2jo30oih14nt2c005octr9a8deeo905ut48?imageView2/2/w/80/format/jpg,143,25,1,1
6a5b5e7d000000001b01ed17,ABEAgP4coJ8pvXgDzq8_zpaD1yeDPGXuXN65esFidsaf8=,NBA历史上最高级的战术，科尔不愧最佳教练,那些年带我躺冠的fmvp队友们,https://sns-avatar-qc.xhscdn.com/avatar/1040g2jo322iebtq07o505ol5bbgmd9sec5uuto0?imageView2/2/w/80/format/jpg,2,0,22,0
6a4f2a7e00000000070255bd,ABKwI9xjY_W1WqV8vEzalhcOyTaCRn5WoNgCFJu21xmko=,为什么说他是NBA的硬通货？,篮球不说谎,https://sns-avatar-qc.xhscdn.com/avatar/5ca0c3c5a3dbe50001b0eeaf.jpg?imageView2/2/w/80/format/jpg,96,21,2,6
6a5b6e070000000022018ff2,ABEAgP4coJ8pvXgDzq8_zpaC8HbtaUSKFPYjMJytByDco=,WNBA 狂热🆚自由人,美式后仰跳投,https://sns-avatar-qc.xhscdn.com/avatar/1040g2jo322jdokn472005qi8c74j0302cm1cf78?imageView2/2/w/80/format/jpg,2,0,2,0
6a5594d4000000001c026c49,ABNrIU9Kj1LWAoLsud7dCtLMLcTrbS0wxaR6U83E450fw=,克莱·汤普森正式交易方案出炉,🏀野生评论员_五条Gojo悟,https://sns-avatar-qc.xhscdn.com/avatar/1040g2jo31rhttl64ng005npfo6eg8a7uto16310?imageView2/2/w/80/format/jpg,182,22,101,19
6a5b690d000000000401c74f,ABEAgP4coJ8pvXgDzq8_zpaG9vwKonh6sczjt9hJeYcmU=,如何超越选秀模板,科比档案馆球哥說,https://sns-avatar-qc.xhscdn.com/avatar/1040g2jo31nf8dg2e5m005ptbau43jjauubbj608?imageView2/2/w/80/format/jpg,63,24,1,4
6a5b6ce2000000000f028ce5,ABEAgP4coJ8pvXgDzq8_zpaNaBJn9WxXZES-1jHD4HUpM=,影视｜把文班亚马送上状元椅？靠这俩不靠谱的,Sophie影阅,https://sns-avatar-qc.xhscdn.com/avatar/1040g2jo3156faqp80o0g5pgc0lnhhjs07cdeq10?imageView2/2/w/80/format/jpg,2,2,0,3
6a5b57c3000000001303ed27,ABEAgP4coJ8pvXgDzq8_zpaKfGkbMB8vQo0rBkgONKgNs=,NBA和内马尔最像的球员是谁？,足球小子USC,https://sns-avatar-qc.xhscdn.com/avatar/1040g2jo31o8j6nf36g005q81dshsaapla1672t0?imageView2/2/w/80/format/jpg,2,1,1,0
6a5b74bc000000001d00e7be,ABEAgP4coJ8pvXgDzq8_zpaPNNNmk2AMhsFOeH9c6ycdc=,i become who I'm supposed to be,LAfitman,https://sns-avatar-qc.xhscdn.com/avatar/1040g2jo31fi5lbmjg06g5pb475a4fndu6liurdg?imageView2/2/w/80/format/jpg,0,0,0,0
6a5b6d1a000000001003cb57,ABEAgP4coJ8pvXgDzq8_zpaIF4xU5jO8JlCatjqcO522E=,AJ·迪班萨中国行倒计时五天！粉丝送上祝福,HOBBY STOCKS,https://sns-avatar-qc.xhscdn.com/avatar/68ba7dd3e7ccf000017c1de7.jpg?imageView2/2/w/80/format/jpg,4,0,1,1
6a5b752e000000000f02ad4e,ABEAgP4coJ8pvXgDzq8_zpaO6NQ51jaa5t03rNTSutFr0=,下一位新天选难道是他,伦少爱篮球,https://sns-avatar-qc.xhscdn.com/avatar/1040g2jo31lmq5kr14s005nga0vbg8s37ck2aj00?imageView2/2/w/80/format/jpg,2,1,0,0
6a5b5d38000000000401fd56,ABEAgP4coJ8pvXgDzq8_zpaJwhrYSQE0WiPkMNodEpJsA=,✨NBA球星的养生大法我全会了，你相信吗？,陈年老史,https://sns-avatar-qc.xhscdn.com/avatar/1040g2jo31sjgt0h55k6g5qbf4s0tt3qvuuus198?imageView2/2/w/80/format/jpg,1,2,1,0
6a5b4608000000001302663e,ABEAgP4coJ8pvXgDzq8_zpaGQ4lMqNJn6SCDdy8WDzNIc=,NBA2K14,2K大圣,https://sns-avatar-qc.xhscdn.com/avatar/1040g2jo31o6mn1546g6g5oqmj5em5bdepitlnno?imageView2/2/w/80/format/jpg,0,0,0,0
6a5b44250000000002003c01,ABEAgP4coJ8pvXgDzq8_zpaBQD9RS69YKx4GiYasoauJ4=,nbahoops 25-26手雷value盒 亏麻了😭,Joe,https://sns-avatar-qc.xhscdn.com/avatar/1040g2jo322i4akd9ns005qikdbhjnf017q9qm8o?imageView2/2/w/80/format/jpg,11,1,2,1
6a5b61a50000000006012bcf,ABEAgP4coJ8pvXgDzq8_zpaIG_hpAJ5r4Fj8aGYjHTOxQ=,科比球衣展示，官方授权·NBA球衣展示,James修东,https://sns-avatar-qc.xhscdn.com/avatar/645fa38b0bcc5015b73b67fd.jpg?imageView2/2/w/80/format/jpg,1,0,2,0
6a5b5d900000000009037d45,ABEAgP4coJ8pvXgDzq8_zpaNQYNh67I07QW_NPz-1iR1o=,三场wnba来袭,79_kl,https://sns-avatar-qc.xhscdn.com/avatar/1040g2jo321sptvto7o005pnqb5e7e70tv0d3epo?imageView2/2/w/80/format/jpg,21,10,52,1
6a5b5d50000000000100c7e1,ABEAgP4coJ8pvXgDzq8_zpaGikbXKegg1P_Vlidm9TXgg=,NikexNBA76人篮球外套,大雪山VTG,https://sns-avatar-qc.xhscdn.com/avatar/1040g2jo322m56n0u7a005os1r01nrs332oqne28?imageView2/2/w/80/format/jpg,0,1,0,0
6a5b556d0000000010025f84,ABEAgP4coJ8pvXgDzq8_zpaHVwNqMFT4a7P_4XeiLJXd8=,每袋能保kaboom的卡包大家开过吗,不懂卡的布莱克,https://sns-avatar-qc.xhscdn.com/avatar/1040g2jo322b0r1u27u005qcqg7v8cq38ij9t4go?imageView2/2/w/80/format/jpg,7,1,0,0
6a5b72ab000000001d00e07a,ABEAgP4coJ8pvXgDzq8_zpaCLZt3OgLH0tEQ5od1U-qmk=,,NBA2KOL2,https://sns-avatar-qc.xhscdn.com/avatar/60fd80b371f9dfb8df45eb58.jpg?imageView2/2/w/80/format/jpg,0,0,1,0
6a5b427f000000000f01d18d,ABEAgP4coJ8pvXgDzq8_zpaAAPVmcRRDwDX06WBvWLj6I=,NBA Store | 遇水显冠🏆巅峰加冕限定系列,滔搏NBA Store城市店,https://sns-avatar-qc.xhscdn.com/avatar/69842ab49cdcb30001664b07.jpg?imageView2/2/w/80/format/jpg,2,0,0,0
6a5b72b0000000001d00e083,ABEAgP4coJ8pvXgDzq8_zpaGrLBfOFdG0p0FHF9ymGI0g=,NBA球星卡,解忧曲,https://sns-avatar-qc.xhscdn.com/avatar/1040g2jo32131hopanu6g5q5rq4q6blcci7dg5qo?imageView2/2/w/80/format/jpg,0,0,1,0
6a58de57000000000100c497,ABEFK-yckFkVOMZ13VzLbOIuqLdFp8oI_cOZfEL_YLfnA=,“偶遇NBA球星出街是一种什么体验”,科比档案馆球哥說,https://sns-avatar-qc.xhscdn.com/avatar/1040g2jo31nf8dg2e5m005ptbau43jjauubbj608?imageView2/2/w/80/format/jpg,127,48,0,1
6a574240000000000f02a5a7,ABjSHbn7Z-0MZ_oVOZkblHnRAiuM7nwWAo4q1xwfPx-vE=,CJ麦科勒姆赚了近3亿美元，依然靠积分飞行,看个球,https://sns-avatar-qc.xhscdn.com/avatar/1040g2jo31k4uo9oo2a004a6tusgjdai4ulmu2bo?imageView2/2/w/80/format/jpg,1579,366,221,623
6a5acd8b0000000008009c00,ABt_ribSGvPgOmFMVE85lfRYqt5chaVdzceCIzRlvowh8=,王鶴棣-NBA,Anna_Anika,https://sns-avatar-qc.xhscdn.com/avatar/1040g2jo31ocgs6vj58005peoqnch3hd3v2ju0n8?imageView2/2/w/80/format/jpg,19,0,6,0
6a5b0a4700000000110145be,ABEAgP4coJ8pvXgDzq8_zpaKMWLw0V_tNIJz_XH7y8_Os=,NBA KIDS 湖人儿童拼色Polo衫,萌小阳童装折扣仓,https://sns-avatar-qc.xhscdn.com/avatar/6511b9a3e9f5467423d99dc0.jpg?imageView2/2/w/80/format/jpg,1,0,0,0
6a5b6752000000001101f53e,ABEAgP4coJ8pvXgDzq8_zpaBkQuacpw_cGUnEiPWid2js=,球星背后的故事！,S2体育,https://sns-avatar-qc.xhscdn.com/avatar/6232961440fec9c6a008577d.jpg?imageView2/2/w/80/format/jpg,3,1,3,0
6a57908200000000060329b6,ABjSHbn7Z-0MZ_oVOZkblHnct9Q676Tl_2BRMbjI5X5MA=,格斗篮球-23：高血压慎入,薯扑篮球,https://sns-avatar-qc.xhscdn.com/avatar/1040g2jo31hfg2nhg3i005pqr448n33t1ksr6ndg?imageView2/2/w/80/format/jpg,1482,353,231,359
6a55f8ce0000000021022fae,ABNrIU9Kj1LWAoLsud7dCtLLsRXKaDKwE4WzIrSNUTrCM=,兄弟们我们2030年再见,TOP NBA,https://sns-avatar-qc.xhscdn.com/avatar/1040g2jo31gkeciphjs005ptb878397gtqbv4vr8?imageView2/2/w/80/format/jpg,98,31,13,2
6a54b58d000000000701222f,ABPR2xrI6XFYqwMGOpEhVTfTtl5ErpGE1yQCzjCxD3AFw=,老大，带我们夺冠吧。,TOP NBA,https://sns-avatar-qc.xhscdn.com/avatar/1040g2jo31gkeciphjs005ptb878397gtqbv4vr8?imageView2/2/w/80/format/jpg,939,219,142,75
6a5b75f3000000000100e62f,ABEAgP4coJ8pvXgDzq8_zpaMAxn3KpNHTEPcs64SfXu90=,谁收到不心动！可以随时开打NBA实况⚽🏀,童年任意门🍂秋,https://sns-avatar-qc.xhscdn.com/avatar/1040g2jo31964ek10l8005p7salu180lv6217t60?imageView2/2/w/80/format/jpg,0,0,21,0
6a5b556200000000110196b5,ABEAgP4coJ8pvXgDzq8_zpaG6kSNbQYxYcj-wxis6IVIs=,Manu Ginobili,球圣,https://sns-avatar-qc.xhscdn.com/avatar/1040g2jo321ekjqtams0g4a1kclvojo0n8h3gl48?imageView2/2/w/80/format/jpg,2,1,0,0
6a577dc9000000001603e588,ABjSHbn7Z-0MZ_oVOZkblHnWj8P195JmVwJzGswp6JCZQ=,“假如熊二去打NBA”,库子超可爱,https://sns-avatar-qc.xhscdn.com/avatar/1040g2jo3224erbblnk6g5qhi491jnk008cot2a8?imageView2/2/w/80/format/jpg,275,183,3,11
6a5457e700000000060304d0,ABPR2xrI6XFYqwMGOpEhVTffm70gybTSbm8mGpypM7WaU=,成为中投之神的代价是？,24=23,https://sns-avatar-qc.xhscdn.com/avatar/1040g2jo31iskpqqq1c005odnc1qk0ltf8sk8nk8?imageView2/2/w/80/format/jpg,520,137,37,40
6a54f2af000000002103faca,ABPR2xrI6XFYqwMGOpEhVTfWp8W23cCp8TIwViGBdgp3c=,NBA历史首个抢七总决赛,滴水穿石中,https://sns-avatar-qc.xhscdn.com/avatar/1040g2jo3228dbuso7o005oq16jum5u4s0fc9i1g?imageView2/2/w/80/format/jpg,4,5,0,0
6a5b5517000000000c003002,ABEAgP4coJ8pvXgDzq8_zpaE8d18zBl73SK8qXmKpvV_o=,No.灌篮高手,深白色,https://sns-avatar-qc.xhscdn.com/avatar/1040g2jo31ru34edfia1g5p8dpodln8ffe1qui5g?imageView2/2/w/80/format/jpg,0,0,0,0
6a4d8d870000000011014ac3,ABgh1mbI-VWRMlTQ8sIpYzDoEOgM_3lnd1B032t_JbPb8=,湖人队史得分排行榜,阿里楚离,https://sns-avatar-qc.xhscdn.com/avatar/1040g2jo31rqukd3h286g5oeo7h1k1s9um6sa8k0?imageView2/2/w/80/format/jpg,242,54,307,9
6a505b2300000000070123a1,ABLF0fX3JyGHE2zHq8HaATLWmRBcb_G-vYQrlqtcirTLA=,,Super Top List,https://sns-avatar-qc.xhscdn.com/avatar/1040g2jo31u4doauvio0g5qe39vlsjfm1tr5sttg?imageView2/2/w/80/format/jpg,325,124,54,6
6a4b63a3000000000f015589,ABxrvC-kxowxsGCZWMLMpxKybalqt0gj_kcCUmCDCW5Fw=,NBA今夏自由市场Top25球员名单！,篮球大本营,https://sns-avatar-qc.xhscdn.com/avatar/1040g2jo31cmaotjb0m6g5o7js5t08lfnv61s8pg?imageView2/2/w/80/format/jpg,16,5,1,1
6a50bbea000000002201686a,ABLF0fX3JyGHE2zHq8HaATLW7UWzN7wrin472oV7LRi0k=,新赛季30支球队全新阵容名单📋（西部篇）,TOP NBA,https://sns-avatar-qc.xhscdn.com/avatar/1040g2jo31gkeciphjs005ptb878397gtqbv4vr8?imageView2/2/w/80/format/jpg,927,364,106,85
6a228cbc000000003501d011,ABQR--UYIGb5ica6qvGSWCdF3Der-Li_dk2UYC8RIN1Rs=,“我会证明小个子持球大核也能夺冠”,篮球边角料,https://sns-avatar-qc.xhscdn.com/avatar/1040g2jo31l8cocctl0005q4j8vba6io42v4m5h8?imageView2/2/w/80/format/jpg,1580,346,163,75
6a52fbfc000000002003acfa,AB_7EMKLCtQN--x6uKf4lW8uAsjQLS0j90eTOFA0j4vAY=,正式签约！底薪变成6400万！NBA介入调查,教主侃球,https://sns-avatar-qc.xhscdn.com/avatar/64efee44f683aebc87f846e3.jpg?imageView2/2/w/80/format/jpg,272,30,43,24
6a51b5eb00000000160272b1,ABtq3vah3qEw5V7mmDQvxfCw0bdL7unj3X3R8xYYdPwl0=,NBA打到第21季有多夸张？历史上只有这7人,赛场档案馆,https://sns-avatar-qc.xhscdn.com/avatar/1040g2jo321tsh3ahno605o3tj5ggbkae66658vo?imageView2/2/w/80/format/jpg,70,18,97,1
6a530d12000000001c025be6,ABo3v8vglQ5ty0dZYxIWvPT7hBbrPe-CagxxR6U2kHQFw=,NBA20世纪后季后赛最大分差TOP10,格调篮球圈,https://sns-avatar-qc.xhscdn.com/avatar/1040g2jo32294f4767u005nb156ag9bcgk3dikf0?imageView2/2/w/80/format/jpg,48,14,14,1
6a54606c000000001700a634,ABPR2xrI6XFYqwMGOpEhVTfRC4EeFpY4bn4kli_-v-kuA=,🏀 NBA上周转会｜5笔重点操作一次看完,赛场档案馆,https://sns-avatar-qc.xhscdn.com/avatar/1040g2jo321tsh3ahno605o3tj5ggbkae66658vo?imageView2/2/w/80/format/jpg,9,4,0,0
6a5246f5000000000803d761,AB_7EMKLCtQN--x6uKf4lW8mHKGI0GHtECUiC_2LYUfuU=,Wallpaper｜亚历山大壁纸,Ashore原创,https://sns-avatar-qc.xhscdn.com/avatar/1040g2jo31vmttiosii605qf7lh9g8u00qsrsndo?imageView2/2/w/80/format/jpg,59,31,68,0
6a51c132000000001702cef0,ABtq3vah3qEw5V7mmDQvxfC-xiqCNJzbFAkau38LBwHmg=,NBA命中三分最多的中锋TOP10,格调篮球圈,https://sns-avatar-qc.xhscdn.com/avatar/1040g2jo32294f4767u005nb156ag9bcgk3dikf0?imageView2/2/w/80/format/jpg,123,17,39,2
6a5263bd000000000603354e,AB_7EMKLCtQN--x6uKf4lW8gGMB7EfJ5dNZzZBetTs_z4=,4队交易！正式达成！西决球队解体了,教主侃球,https://sns-avatar-qc.xhscdn.com/avatar/64efee44f683aebc87f846e3.jpg?imageView2/2/w/80/format/jpg,44,7,11,3
6a4aedf8000000002101b04c,ABtPYiXblrkg46zuTjbCtOvX-T-pPPdNLM3Y-0SyGmnPg=,很有趣 你会怎么选,欧文,https://sns-avatar-qc.xhscdn.com/avatar/1040g2jo31sk1lbcvm8005ohtjog40sbasg73p4g?imageView2/2/w/80/format/jpg,132,33,427,7
6a503d650000000020039125,ABLF0fX3JyGHE2zHq8HaATLX2YjbMh7SWHF5RCc9qp-WQ=,NBA 26-07-01交易汇总,科x体育用品合集馆🏠,https://sns-avatar-qc.xhscdn.com/avatar/1040g2jo31vtc5s0m2g005q74loittkg7htb8t90?imageView2/2/w/80/format/jpg,13,4,0,0
6a50a4540000000017028f7e,ABLF0fX3JyGHE2zHq8HaATLepM0ZyE-scmzJHBB_1Ekkk=,状元对决榜眼！迪班萨首战皮特森完成复仇！,火山聊个球,https://sns-avatar-qc.xhscdn.com/avatar/1040g2jo31vhthf0bjq6g5pab8iaj8v0n16jp9f8?imageView2/2/w/80/format/jpg,1,0,0,0
6a50e3b4000000000f033fe0,ABLF0fX3JyGHE2zHq8HaATLUeOcOUK3H8_IKWV9nH_PNs=,杨瀚森NBA夏季联赛赛程,掉小珍珠的瀚森,https://sns-avatar-qc.xhscdn.com/avatar/1040g2jo31rctvfu50m005ov1v999gkrrb4n9bkg?imageView2/2/w/80/format/jpg,13,6,0,1
6a4bd0cc00000000070228a2,ABxrvC-kxowxsGCZWMLMpxK2x88v23LZdgDB1K52ly1yA=,2年2800万！八村塁加盟快船！湖人首发解体,教主侃球,https://sns-avatar-qc.xhscdn.com/avatar/64efee44f683aebc87f846e3.jpg?imageView2/2/w/80/format/jpg,10,2,19,5
6a49fb2700000000080265f2,AB_92JVugd7Dn7-zXqMlyFfdq67mTgzcARX3DQ1XB-uAM=,2个名额！詹姆斯有望重返骑士！布朗尼也来,教主侃球,https://sns-avatar-qc.xhscdn.com/avatar/64efee44f683aebc87f846e3.jpg?imageView2/2/w/80/format/jpg,105,16,57,29
6a485e3a00000000070235e3,AB8Y4ftibNX7Si0FeRfrjzhlj5L_ENlsev9yXsSFX5sRY=,1换3！湖人达成交易！NBA三状元正式联手,教主侃球,https://sns-avatar-qc.xhscdn.com/avatar/64efee44f683aebc87f846e3.jpg?imageView2/2/w/80/format/jpg,303,36,76,62
6a4a518b0000000007027bf7,ABtPYiXblrkg46zuTjbCtOvZVXvxOuMAcNuwvM763o4Ms=,4换2！联手弗拉格！西部最被低估的交易,教主侃球,https://sns-avatar-qc.xhscdn.com/avatar/64efee44f683aebc87f846e3.jpg?imageView2/2/w/80/format/jpg,129,18,25,8
6a4847f8000000001503c902,AB8Y4ftibNX7Si0FeRfrjzhj867eVNaE2n9rZ5KNncHz8=,7月4日NBA签约汇总！艾顿被交易至奇才！,粤语阿东,https://sns-avatar-qc.xhscdn.com/avatar/63b57c72ea6ad999d566b845.jpg?imageView2/2/w/80/format/jpg,16,2,11,15
6a4741230000000015025aca,ABhOMgTwFUr3sCBRY75US3lQ7srU2diWJHqzWwa8iGteA=,7/2 NBA  确认交易0笔，签约续约才是主线,赛场档案馆,https://sns-avatar-qc.xhscdn.com/avatar/1040g2jo321tsh3ahno605o3tj5ggbkae66658vo?imageView2/2/w/80/format/jpg,12,5,0,0
6a2916270000000022021588,ABXzbP433karRg3ngr4-4Ml1a6Kbj4IIBISoXBFCZxzwo=,近15年NBA总冠军含金量排行榜！,篮球大本营,https://sns-avatar-qc.xhscdn.com/avatar/1040g2jo31cmaotjb0m6g5o7js5t08lfnv61s8pg?imageView2/2/w/80/format/jpg,216,59,312,18
6a5b6bf1000000000401d94d,ABEAgP4coJ8pvXgDzq8_zpaKc_24rDvR8aRgxHyzbyI3c=,WNBA历史首人！克拉克狂砍45+10，上脚白雪公,卡通花臂李姐姐,https://sns-avatar-qc.xhscdn.com/avatar/1040g2jo320q09otm620040sqfguftoc8f30rsgg?imageView2/2/w/80/format/jpg,3,0,0,0
6a2ac9ed000000001702c87d,ABK9LrzzXpC21hnAQavG8EE96QVJKJ0YBEhB7WlzwSwSw=,总决赛史上最大逆转！OG上演上帝之手！,Telfair 童,https://sns-avatar-qc.xhscdn.com/avatar/6310588d254ba3dc8c1ace90.jpg?imageView2/2/w/80/format/jpg,1580,300,83,191
6a22c09e000000003502c699,ABQR--UYIGb5ica6qvGSWCdFnEQ7kpAZlwOE0fMlSvDY4=,科比传奇第一集,板凳匪徒,https://sns-avatar-qc.xhscdn.com/avatar/1040g2jo31ue1p03u2s5g5p80e8814m95va4dpog?imageView2/2/w/80/format/jpg,68,42,1,3
6a53b52b000000000f007254,ABo3v8vglQ5ty0dZYxIWvPT9l6NDqfzJD0L-40dN4GPXY=,天塌了！兄弟们不会是真的吧？,牛头梗,https://sns-avatar-qc.xhscdn.com/avatar/1040g2jo320o31fttlk005n4fccs4jlt1ls9gf20?imageView2/2/w/80/format/jpg,80,9,219,24
6a5b0c97000000001102fcac,ABEAgP4coJ8pvXgDzq8_zpaNHBIbVOjCXMKbz1H5UxPoM=,WNBA伤病追踪：7月19日最新动态，克拉克大概,禅师看球十周年,https://sns-avatar-qc.xhscdn.com/avatar/1040g2jo322bj050q6s005qidmqcjvf003uqd29g?imageView2/2/w/80/format/jpg,0,0,0,0
6a5b2a83000000000100f1d2,ABEAgP4coJ8pvXgDzq8_zpaFhG0k8eSz3VOURZ8BAuLFA=,7月19日WNBA，狂热VS自由人,唐见川,https://sns-avatar-qc.xhscdn.com/avatar/1040g2jo3229c5mp77k605p5137iiqrmnak8dn0o?imageView2/2/w/80/format/jpg,4,1,2,0
6a5b544a000000000f03ea07,ABEAgP4coJ8pvXgDzq8_zpaMMp8YsXIU2MOjoy0QXl1z0=,7月19日 WNBA 天猫 VS 火焰,杰说体育,https://sns-avatar-qc.xhscdn.com/avatar/1040g2jo322ioqp4bne005nost860bug928opppo?imageView2/2/w/80/format/jpg,3,0,4,0
6a5a2d4600000000110056fa,ABt_ribSGvPgOmFMVE85lfRe7s5sFjW-OjZt7nL1mHH8I=,7月17日WNBA伤病报告,夫四两,https://sns-avatar-qc.xhscdn.com/avatar/1040g2jo31ksuncbhk86g5q4kntrq3noc83s63uo?imageView2/2/w/80/format/jpg,1,0,5,0
6a5b34d6000000001100743f,ABEAgP4coJ8pvXgDzq8_zpaNjc5bWUv6eY2SzTjvG1iDA=,明日三场WNBA思路分享,数研日常,https://sns-avatar-qc.xhscdn.com/avatar/1040g2jo320jb9fl65m5g5qgen9hg8r00p82s6ig?imageView2/2/w/80/format/jpg,2,1,0,0
6a2ab7000000000022025e2d,ABK9LrzzXpC21hnAQavG8EEwxYOc7fxFb-gvp0eRez3Ug=,尼克斯：惊天逆转,西瓜篮球大神,https://sns-avatar-qc.xhscdn.com/avatar/1040g2jo31rgm15r67u6g4bs065gjvftjoq2dg78?imageView2/2/w/80/format/jpg,33,10,4,1
6a579fc9000000002200a3dc,ABjSHbn7Z-0MZ_oVOZkblHnRWeAtpJRGn1Je6MT3B1eDs=,深度解析三场赛事，客观聊聊球队真实竞技状,赛前懂球说,https://sns-avatar-qc.xhscdn.com/avatar/1040g2jo31vgigh1a2g005pn778q7e2mcs4i52lo?imageView2/2/w/80/format/jpg,500,214,134,39
6a4c7278000000002200927b,ABIbGE4451ctX4rwHiGOryh589C-kvxFUyPiJ9cA22c-k=,世界杯二阶段男篮赛程,挹江门,https://sns-avatar-qc.xhscdn.com/avatar/1040g2jo31u19676cn2505p9sfqg11dou5nu17tg?imageView2/2/w/80/format/jpg,93,33,67,23
6a44f4af0000000022008fc0,AB7YyCH4EjzQUYvinIPW-S2_BHuph06kbC-E9eaS5MP8A=,乔丹：激怒我的人是要付出代价的,nba民间图库,https://sns-avatar-qc.xhscdn.com/avatar/1040g2jo31ifd99h2g8605pef2hc13vtrqhv4sgo?imageView2/2/w/80/format/jpg,128,47,25,3
6a218b92000000003503b2be,ABzgGNxjlWs2g0N-8ypNHIZwyy5EMpPPBT44ODFEJlbR0=,布伦森终结G1！唐斯看见了谁？,Telfair 童,https://sns-avatar-qc.xhscdn.com/avatar/6310588d254ba3dc8c1ace90.jpg?imageView2/2/w/80/format/jpg,573,81,13,19
6a446e3a0000000008030eed,AB7YyCH4EjzQUYvinIPW-S272pCPV0luYs5bneVMVwpmI=,NBA 球星高中时期 50 佳球！,陈大fa,https://sns-avatar-qc.xhscdn.com/avatar/1040g2jo322d1rqvj7u605qhprpgk0001ok3m47o?imageView2/2/w/80/format/jpg,316,114,41,32
6a16eb580000000006022baf,ABBgtYtp5vdypXEHpXVb4_Qja9UbDTV1832f_WjYLSuu4=,前NBA球员围攻裁判？麦凯恩如何继续打脸？,Telfair 童,https://sns-avatar-qc.xhscdn.com/avatar/6310588d254ba3dc8c1ace90.jpg?imageView2/2/w/80/format/jpg,976,108,116,25
6a1abe5c0000000006031798,AB-6JpaUxcCHfSFUE7sFRcsmf30XYwDY84cHPCkJVM8d8=,乔丹：年轻人想打赢我还得多练练,nba民间图库,https://sns-avatar-qc.xhscdn.com/avatar/1040g2jo31ifd99h2g8605pef2hc13vtrqhv4sgo?imageView2/2/w/80/format/jpg,1580,412,273,98
6a43f11c0000000008033281,AB17NFm1jEtNoI1fW2P7PWjbnxyPxxxZCSD8V2jCoT8us=,突发！詹姆斯宣布离队！8年湖人生涯结束了,教主侃球,https://sns-avatar-qc.xhscdn.com/avatar/64efee44f683aebc87f846e3.jpg?imageView2/2/w/80/format/jpg,1279,129,1401,2163
6a4f3206000000001702dc61,ABKwI9xjY_W1WqV8vEzalhcEPGhHKt3O-vRJLAH9oDAH8=,7.26NBA状元空降上海🉑合影,糖糖带你去追星,https://sns-avatar-qc.xhscdn.com/avatar/1040g2jo321blfski7od05q933h9tt167o0774mo?imageView2/2/w/80/format/jpg,11,7,30,15
6a4de91e000000001702bed2,ABgh1mbI-VWRMlTQ8sIpYzDkxnNNsWGuT-1PsUspKdp3A=,🔥 【NBA交易】7/8汇总｜六方大乱斗,N大师,https://sns-avatar-qc.xhscdn.com/avatar/1040g2jo31dme16t2gm0g5pr8qrhm3g75fu53dk0?imageView2/2/w/80/format/jpg,8,1,6,0
6a2e2b1c00000000160276f1,ABcL26rrWBFd_ipLEzPQSUyDTaZG1YPKl8RQ-kdHCLBWY=,,咪咕体育,https://sns-avatar-qc.xhscdn.com/avatar/f4aefd8b-3575-3727-b23c-8f117380e0ca?imageView2/2/w/80/format/jpg,1565,218,277,182
6a33b6290000000015025070,ABgRFviqFOPfFVZPA0zXoMGIGguUvcXR1ZmAZyWGI-494=,金州下起了三分雨,WANV-mods,https://sns-avatar-qc.xhscdn.com/avatar/1040g2jo3215l6sr9no005ners7k095a16e6i7fg?imageView2/2/w/80/format/jpg,37,10,0,3
6a45b95c000000001702dca2,AB36IyAedIoclyXkvLQrOd1GWwKHk50yQfL7-BIBvFayI=,NBA昨日5大交易评级：湖人被宰？76人赚麻了,赛场档案馆,https://sns-avatar-qc.xhscdn.com/avatar/1040g2jo321tsh3ahno605o3tj5ggbkae66658vo?imageView2/2/w/80/format/jpg,299,52,63,54
6a3b7438000000002201bbbe,ABJCUqKyPq7_MKO9FPBLc31K2ZIv4GGHJ6A1OS0_3cEqc=,ESPN2026最新NBA历史地位！,篮球大本营,https://sns-avatar-qc.xhscdn.com/avatar/1040g2jo31cmaotjb0m6g5o7js5t08lfnv61s8pg?imageView2/2/w/80/format/jpg,50,15,17,2
6a4716c0000000000701355b,ABhOMgTwFUr3sCBRY75US3lYVTA9YHSrA34e385a3WgY4=,🔥7.3 今日 NBA 最新交易签约,篮球分享🏀,https://sns-avatar-qc.xhscdn.com/avatar/1040g2jo31fs07mo6g26g5n57a2o4bp4ps1gsq5g?imageView2/2/w/80/format/jpg,61,14,24,2
6a452d61000000002101637d,AB36IyAedIoclyXkvLQrOd1AxPYpuf3E7h0TivHleQ5f0=,NBA最新交易！詹姆斯去哪？,每日球哥,https://sns-avatar-qc.xhscdn.com/avatar/1040g2jo31g15mjf8g20040o2l7fqdl8os03ogcg?imageView2/2/w/80/format/jpg,20,8,5,5
6a45cfe3000000001003fab8,AB36IyAedIoclyXkvLQrOd1BBzBq4x7k53QU1ZY_l-nzI=,一觉醒来变天了！NBA东升西落局面已形成！,球迷Seven,https://sns-avatar-qc.xhscdn.com/avatar/1040g2jo31f62ep9bm66g5pbcd3bmdu9v0dukqbg?imageView2/2/w/80/format/jpg,5,2,1,2
6a3b9549000000001503d575,ABJCUqKyPq7_MKO9FPBLc31Mv6Ted0SRrAgNFnZTiG1F0=,NBA,遇上你之前的我,https://sns-avatar-qc.xhscdn.com/avatar/1040g2jo32151mtvi7k005o7p60cg93earbp4ojg?imageView2/2/w/80/format/jpg,18,6,0,0
6a3e3626000000001c0259c6,ABGSK46j4rc3tr_oHoAYshJyUGB3diB1R6C03-rME-tio=,现役控卫排名,篮球詹三丰,https://sns-avatar-qc.xhscdn.com/avatar/1040g2jo31tam4ij7m8005oo2tdk3omlivmr514o?imageView2/2/w/80/format/jpg,48,14,50,9
6a323b82000000000e031400,ABxTds8Lx8Jb8S3DQ07lgtTsu39AgAeWSVSwxGpaPBVXE=,Fiba sga 亚历山大 集锦,Echologic,https://sns-avatar-qc.xhscdn.com/avatar/64b5f581c276686e06856238.jpg?imageView2/2/w/80/format/jpg,442,146,52,26
6a2a45b4000000001702ab23,ABK9LrzzXpC21hnAQavG8EEyGuGUmIkaUY_UsfZOBlElg=,NBA总决赛超大逆转！ 绝杀马刺 尼克斯逆转拿下赛点 球迷进入狂欢时刻,红星新闻,https://sns-avatar-qc.xhscdn.com/avatar/1040g2jo317v906fika005ouomo8pt2hhidseoig?imageView2/2/w/80/format/jpg,116,17,1,17
6a37760c000000001702cd82,ABzkFDtVmihGjua_cLBgs1VdyP7XveNay__bM3NGZ92Tk=,NBA 十大招牌动作排行榜！,篮球大本营,https://sns-avatar-qc.xhscdn.com/avatar/1040g2jo31cmaotjb0m6g5o7js5t08lfnv61s8pg?imageView2/2/w/80/format/jpg,124,78,2,4
6a0c0ec40000000008002ab1,ABxts88CWRB8ifSKLUr5eprrWfAkALGAgBzPVN2lEm1Xs=,文班亚马41分24篮板Logo三分绝平！,Ai篮球解说,https://sns-avatar-qc.xhscdn.com/avatar/1040g2jo3203ri4d9is005o0d5sbg93vjgvp39no?imageView2/2/w/80/format/jpg,232,82,30,26
6a3e64cc000000001602798f,ABGSK46j4rc3tr_oHoAYshJ3n-AeT_cLhSHnYpNy2XrMs=,2026年NBA季后赛对阵图,小悟空,https://sns-avatar-qc.xhscdn.com/avatar/1040g2jo31ipag43v1c005n8tvgn48b57q2oim4g?imageView2/2/w/80/format/jpg,12,4,3,0
6a3e1a3a0000000016025a47,ABGSK46j4rc3tr_oHoAYshJ8ox0hI3SKjEF5b-_JkFKjw=,【NBA交易】6/26汇总～绿军超市上线,N大师,https://sns-avatar-qc.xhscdn.com/avatar/1040g2jo31dme16t2gm0g5pr8qrhm3g75fu53dk0?imageView2/2/w/80/format/jpg,32,9,4,3
6a3b52f7000000000702d927,ABJCUqKyPq7_MKO9FPBLc31PhoydVxk-DuQ06kgqBaTSg=,完整名单➕选秀模版及技术特点分析🔥出炉,TOP NBA,https://sns-avatar-qc.xhscdn.com/avatar/1040g2jo31gkeciphjs005ptb878397gtqbv4vr8?imageView2/2/w/80/format/jpg,1185,293,42,116
6a3a11ce0000000006021566,ABFp9qW6v_2M6KNAEz5q-_03Bu339x9qRin5SBRxAnTHI=,重磅！热火拿下字母哥！新赛季直指总冠军！,球迷Seven,https://sns-avatar-qc.xhscdn.com/avatar/1040g2jo31f62ep9bm66g5pbcd3bmdu9v0dukqbg?imageView2/2/w/80/format/jpg,230,26,445,208
6a3b5fe6000000001702d1aa,ABJCUqKyPq7_MKO9FPBLc31J74mAlqQ6QDjDW2kPcQQCU=,2026 NBA选秀首轮名单整理好了！,赛场档案馆,https://sns-avatar-qc.xhscdn.com/avatar/1040g2jo321tsh3ahno605o3tj5ggbkae66658vo?imageView2/2/w/80/format/jpg,73,30,3,13
6a3b5cfe00000000060222df,ABJCUqKyPq7_MKO9FPBLc31ChEWA0CU6BpYayp04ti5Dg=,恭喜湖人！第一笔交易！勇士老板不满选秀,教主侃球,https://sns-avatar-qc.xhscdn.com/avatar/64efee44f683aebc87f846e3.jpg?imageView2/2/w/80/format/jpg,323,37,121,24
6a2e2e5d000000001503d7b2,ABcL26rrWBFd_ipLEzPQSUyGp97CEp2RC8pfKF_6Bal8w=,时隔53年夺冠！都是幸福的泪水！,咪咕体育,https://sns-avatar-qc.xhscdn.com/avatar/f4aefd8b-3575-3727-b23c-8f117380e0ca?imageView2/2/w/80/format/jpg,784,75,54,20
69f6c43c000000002202732c,ABydbLdQrO68Kj-ikcUc3hGRU5tOSOEzadY2iPVA597Wk=,欧文的技术在nba历史排的上号么,nba民间图库,https://sns-avatar-qc.xhscdn.com/avatar/1040g2jo31ifd99h2g8605pef2hc13vtrqhv4sgo?imageView2/2/w/80/format/jpg,357,102,96,18
6a5b65d6000000000f02b18c,ABEAgP4coJ8pvXgDzq8_zpaNVSsd8ioPMWnLHED_iAQ1Q=,詹姆斯经典实战扣篮,今年努力上岸,https://sns-avatar-qc.xhscdn.com/avatar/1040g2jo321onueftmu6g5q8rv1csj6ffvu7nu78?imageView2/2/w/80/format/jpg,1,0,0,0
6a37c9260000000021022a8d,ABzkFDtVmihGjua_cLBgs1Ve4mMKCFwJAGCYOdvSlXKTY=,平民中产四幻神、四幻神为王朝,2K帆仔,https://sns-avatar-qc.xhscdn.com/avatar/1040g2jo31eoh29ndma0g5ovfbmtk3l7oiuu33dg?imageView2/2/w/80/format/jpg,34,12,53,0
6a16dbeb0000000035025da0,ABBgtYtp5vdypXEHpXVb4_Ql3g_p_9XL4M-FWnfStEUqA=,“这单打天赋 叫我怎么学”,篮球边角料,https://sns-avatar-qc.xhscdn.com/avatar/1040g2jo31l8cocctl0005q4j8vba6io42v4m5h8?imageView2/2/w/80/format/jpg,631,130,63,20
6a25db07000000001c024ba7,ABWlruYc1Pi-3fyiVb4fLffPZ_BGIj0MwE358y5GCL38g=,把球星标志性动作画进城市里，还挺浪漫,🍍大川,https://sns-avatar-qc.xhscdn.com/avatar/1040g2jo31k5k4aokj2004a6mn19c67aptdio0d8?imageView2/2/w/80/format/jpg,266,108,21,51
6a2fbb4c0000000022016ddf,ABCRfV8ETmOOfXjNl4OrQfuIiWU-oyd0VKk9PjfHo-Oik=,加盟尼克斯！直接宣布退役！再次错过总冠军,教主侃球,https://sns-avatar-qc.xhscdn.com/avatar/64efee44f683aebc87f846e3.jpg?imageView2/2/w/80/format/jpg,959,105,119,73
6a2e2020000000001702e546,ABcL26rrWBFd_ipLEzPQSUyJPvCd3uLvlMG87_CkjRjfE=,🏆时隔53年！恭喜尼克斯夺得25-26赛季总冠军,库里萌神Curry,https://sns-avatar-qc.xhscdn.com/avatar/62ac25c9f38a2464d012c899.jpg?imageView2/2/w/80/format/jpg,1690,143,324,340
6a2e3a6100000000160249d5,ABcL26rrWBFd_ipLEzPQSUyPRyqMYjMcYT2_PKSsdjGJ0=,🏆53年等待！客场94-90夺冠，布伦森封神！,Cola不是考拉🐨,https://sns-avatar-qc.xhscdn.com/avatar/5fef320e000000000100bc63.jpg?imageView2/2/w/80/format/jpg,38,9,12,7
6a2e46c50000000008033f89,ABcL26rrWBFd_ipLEzPQSUyP5cDi3R2aC2BAhtnXDr1H4=,纽约喜提NBA总冠军,中國人RS3,https://sns-avatar-qc.xhscdn.com/avatar/1040g2jo321h5o1l47a005peqp6213ouruiijie0?imageView2/2/w/80/format/jpg,17,3,7,1
6a5b199d000000000c015051,ABEAgP4coJ8pvXgDzq8_zpaCpbYIo-9x6uWjw6P-g8QJY=,爸爸去哪儿之NBA系列,曼巴精神-ZX,https://sns-avatar-qc.xhscdn.com/avatar/1040g2jo320skniu1na004a6k1gr4lsu71arq81o?imageView2/2/w/80/format/jpg,46,13,2,3
6a2e2100000000003503a7c7,ABcL26rrWBFd_ipLEzPQSUyIf1JmWTpMqJqaRdvJ94yvE=,🔥 尼克斯94-90战胜马刺！夺得NBA总冠军！,Ws体育,https://sns-avatar-qc.xhscdn.com/avatar/1040g2jo31v4j9v7s3u005p7vs151mfcp38sa9c8?imageView2/2/w/80/format/jpg,243,14,94,28
6a5b69a3000000000f01efd1,ABEAgP4coJ8pvXgDzq8_zpaKLC3hRN9zeiJyCQfVR5tqU=,NBA最近五年的高顺位废物 #NBA #篮球,篮球小硕（阿硕工作室）,https://sns-avatar-qc.xhscdn.com/avatar/1040g2jo31au9iukf6q005om1aps6snh2hqm89rg?imageView2/2/w/80/format/jpg,2,0,0,0
6a5b5b78000000000f01527b,ABEAgP4coJ8pvXgDzq8_zpaLnRBTGbxA1ozfJ8LZZQcDo=,篮球简史第六期：三足鼎立，大帅退役,二月初一,https://sns-avatar-qc.xhscdn.com/avatar/1040g2jo31trkab5agc6g5qdmk6kcjm0fsp43np8?imageView2/2/w/80/format/jpg,3,0,0,0
6a2e24750000000020038409,ABcL26rrWBFd_ipLEzPQSUyKmA6FxzZDQJf719MEo7wxU=,布伦森独扛45分！尼克斯53年后再夺NBA总冠军,澎湃新闻,https://sns-avatar-qc.xhscdn.com/avatar/6594c81bd4b53385b6a6d0a5.jpg?imageView2/2/w/80/format/jpg,40,3,5,4
6a2ceba40000000036000912,ABTEdHWg9miXo8pUg4ORwxM3cE9nqjOV-8tGRJLW7UroU=,6月14日NBA季后赛🏀赛程安排🏀,随遇而安丶,https://sns-avatar-qc.xhscdn.com/avatar/1040g2jo31r2ck01t746g5oqqe2gmbu756ihth90?imageView2/2/w/80/format/jpg,7,1,0,1
6a2b7c03000000002003bc43,ABngcQtSr4KYxREb1C6N24s9u2aNN00d1L4tEE2LRjlyg=,NBA 总决赛来了🔥总决赛赛程官宣📅,吉祥航空梦旅生花,https://sns-avatar-qc.xhscdn.com/avatar/67d15405836ccd00011e7848.jpg?imageView2/2/w/80/format/jpg,1,1,0,1
6a5af929000000001101498d,ABt_ribSGvPgOmFMVE85lfRXvW36dbLmsRqaQzJIAEJ0E=,NBA 马刺球星凯尔登·约翰逊亲临苍南主场,瓯柑航拍温州,https://sns-avatar-qc.xhscdn.com/avatar/1040g2jo31svnprbp62dg5nugdrm0bmir061l850?imageView2/2/w/80/format/jpg,8,1,0,1
6a23bab500000000170083ed,ABRXa_bsLWeQtip6pna3TI00ShWjHK3vXjyvdiiqVWJ4g=,2026.6.6马刺vs尼克斯,策安一方,https://sns-avatar-qc.xhscdn.com/avatar/60616a680a967fe2b4b48cd5.jpg?imageView2/2/w/80/format/jpg,13,3,0,0
6a0ec6c4000000003501f5c4,ABHAadpkw5W4qhurD0oXcwKsaem7S0soMbTw4d-TZNqQA=,“用实力圈粉 用争议留名”,篮球边角料,https://sns-avatar-qc.xhscdn.com/avatar/1040g2jo31l8cocctl0005q4j8vba6io42v4m5h8?imageView2/2/w/80/format/jpg,407,117,3,11
6a2959fe00000000080010cf,ABXzbP433karRg3ngr4-4MlzkPa5XvNx2DocZE_venU38=,🏀2026 NBA总决赛G4前瞻,湖人总冠军（Luka版）,https://sns-avatar-qc.xhscdn.com/avatar/1040g2jo31c7n4e86gu005piglrk0u6t2af89l08?imageView2/2/w/80/format/jpg,14,2,2,1
6a2286fd000000003701e6c9,ABQR--UYIGb5ica6qvGSWCdLY9ChpbWDnh1zlOogGuE1g=,NBA历史地位图,Yixi,https://sns-avatar-qc.xhscdn.com/avatar/1040g2jo31vhvk43e2a005o7sddug8030no775og?imageView2/2/w/80/format/jpg,186,74,369,25
6a5b012b0000000009037d51,ABEAgP4coJ8pvXgDzq8_zpaEW0ecVplXwGgVpjjZ0Ja1k=,哪个瀚森更强？NBA开拓者杨VS国家队杨,AI未来体育,https://sns-avatar-qc.xhscdn.com/avatar/1040g2jo31hes6l6djq5g5o3dpoog80r43ttqpdg?imageView2/2/w/80/format/jpg,0,0,0,0
6a5ad628000000001003d2dc,ABt_ribSGvPgOmFMVE85lfRRlNBsnhIpV-2fByyBjsMLM=,NBA现役部分球星（含今年新秀）插画,奇布达伊储莱,https://sns-avatar-qc.xhscdn.com/avatar/1040g2jo31ps4m4g240004924lpal5j1pm0tqe7g?imageView2/2/w/80/format/jpg,7,1,0,0
69fc77370000000035038fe5,ABBsvyD1Okso0IR6uTzVuB3mYrvKntmEQce-aMPVTIhdg=,乔丹变向过人技巧教学,篮球技巧干货,https://sns-avatar-qc.xhscdn.com/avatar/1040g2jo315bcbq8k0s005nrr80o087njgolvbo8?imageView2/2/w/80/format/jpg,680,542,64,67
6a59c2260000000001001ba0,AB7_uRuJ16-IahPB1Sx7IAa48Nx8a6QcvJbI4rld6HpHA=,NBA各个位置罚球最准的球员TOP5,格调篮球圈,https://sns-avatar-qc.xhscdn.com/avatar/1040g2jo32294f4767u005nb156ag9bcgk3dikf0?imageView2/2/w/80/format/jpg,7,1,0,0
6a5a4cb0000000000402aec1,ABt_ribSGvPgOmFMVE85lfRacFffLffsBWVQ-Tkwo_iHA=,25/26topps 最后一批nba手雷,球星卡影视卡专供,https://sns-avatar-qc.xhscdn.com/avatar/1040g2jo3208maf8c68005p4r3ia7ouass53t37o?imageView2/2/w/80/format/jpg,0,0,0,0
6a0c2da4000000003701ff67,ABxts88CWRB8ifSKLUr5eprn7Jj1KBHHfBB6Nwjq8-Suc=,马刺1比0雷霆,央视网体育,https://sns-avatar-qc.xhscdn.com/avatar/69646b84063b6100019402b0.jpg?imageView2/2/w/80/format/jpg,656,172,29,61
6a23fcaa0000000035029c50,ABRXa_bsLWeQtip6pna3TI0ynr4zUPjY1QSZ8F2KDbvPo=,干掉文班！天赋平平一样可以干掉天之骄子,Vincent 陈,https://sns-avatar-qc.xhscdn.com/avatar/1040g2jo322est78r74004abs25t62hapi752v58?imageView2/2/w/80/format/jpg,39,10,24,21
6a10ebac0000000008030630,ABKFW0axtVg-ShumtuPGuoocXkre5Sraax-VvHRWcx2Gg=,当24号遇见23号，这张壁纸直接封神,开心😃【壁纸】😃,https://sns-avatar-qc.xhscdn.com/avatar/1040g2jo31vkegqno2g0g5p59uimqmubl5ddls2g?imageView2/2/w/80/format/jpg,472,210,305,71
6a1a6d96000000003501c177,AB-6JpaUxcCHfSFUE7sFRcsuV_CtYSKIv01Kw2o4vY31I=,自制球星海报第二十八弹：文班亚马,zzyxq,https://sns-avatar-qc.xhscdn.com/avatar/5d3c233000000000160358df.jpg?imageView2/2/w/80/format/jpg,43,12,15,6
6a2031ff000000000803c438,ABma6w5g1GReGUtqqk5Aj-m7b4pPfhzY4hmzt1-5JHCts=,NBA总决赛G1,Host,https://sns-avatar-qc.xhscdn.com/avatar/1040g2jo31oalufp05m5g5pl6u2onca6d0jorbmg?imageView2/2/w/80/format/jpg,13,1,0,5
6a20f05800000000370347fa,ABma6w5g1GReGUtqqk5Aj-m6XQg8XM1e3cb7vxOVv9JJA=,NBA总决赛 |尼克斯逆转马刺拿下开门红,九派新闻,https://sns-avatar-qc.xhscdn.com/avatar/1040g2jo30o2lin5g1q5g5p24q28450hf3dcj00g?imageView2/2/w/80/format/jpg,11,3,0,5
6a1848da000000003502ed9d,ABt8qWqSZhj3ST5yff_wWQEU_QTYejM6npwqBwx5KMkwc=,30块 NBA选最强五人组,AAA,https://sns-avatar-qc.xhscdn.com/avatar/1040g2jo31f1fpm81lu005ptc49n2ntntgs2po58?imageView2/2/w/80/format/jpg,210,47,528,27
6a40ab450000000006031281,ABZHvGOCF1Qb1O0LuTMh262S0opdKigpFYjz6oDrANTlg=,"NBA各类球星的招牌动作高光,一代人的青春!",阿豪很努力,https://sns-avatar-qc.xhscdn.com/avatar/1040g2jo3204roje0ii605paiqjli5g1pu5kog98?imageView2/2/w/80/format/jpg,41,15,8,3
6a150d030000000036032a10,ABWqcg0s8aCPtNjmIGArI3N7Ou_6ehjV0N-WEWmXoqw-Q=,⏰总决赛赛程来啦！6月4日正式开打！看好谁？,库里萌神Curry,https://sns-avatar-qc.xhscdn.com/avatar/62ac25c9f38a2464d012c899.jpg?imageView2/2/w/80/format/jpg,532,154,221,152
6a453d95000000000603558a,AB36IyAedIoclyXkvLQrOd1GVGSeg5UkLloWa0ftScU9M=,NBA休赛期自由球员交易签约汇总,今日NBA,https://sns-avatar-qc.xhscdn.com/avatar/1040g2jo31j6rjjrk2o004a7l5u3b8ej6ov1ggf0?imageView2/2/w/80/format/jpg,9,2,2,3
6a4497d0000000001503f11d,AB7YyCH4EjzQUYvinIPW-S2zb_2uFfrfpU5ckcPgiL0mY=,【NBA交易】-7/1汇总 小签约🤝,N大师,https://sns-avatar-qc.xhscdn.com/avatar/1040g2jo31dme16t2gm0g5pr8qrhm3g75fu53dk0?imageView2/2/w/80/format/jpg,3,1,0,1
6a0579320000000036000f00,AB6fydUSmhOSG4lFryYVz53RIwLOOL-8skVdcaol0s-pw=,自制球星海报第十六弹：杜兰特,zzyxq,https://sns-avatar-qc.xhscdn.com/avatar/5d3c233000000000160358df.jpg?imageView2/2/w/80/format/jpg,20,9,4,4
69fdb82e0000000036000a0c,ABaqbqG8RBpToh2gLxdwuu2vFPbCGJUTDo5VzcxKYgZzQ=,NBA 10年代,NBA丨曼巴部落,https://sns-avatar-qc.xhscdn.com/avatar/1040g2jo31vqpv7ak1m005nfe2kr09etokvrqp10?imageView2/2/w/80/format/jpg,204,67,7,34
6a012e7a00000000070297f2,ABy36na50b3LfhavzrqKemxfndDJWs9hsWI7Plekr63tU=,GPT image2 NBA西部球队,Stephen-elf,https://sns-avatar-qc.xhscdn.com/avatar/6307a596a93e1d6194830863.jpg?imageView2/2/w/80/format/jpg,22,16,0,4
69fee54500000000350201c4,ABrlvaIqadSxE31SofCBvWk8OaPdLjA-vBWKV2TNJvVF4=,自制NBA球星海报,zzyxq,https://sns-avatar-qc.xhscdn.com/avatar/5d3c233000000000160358df.jpg?imageView2/2/w/80/format/jpg,113,55,55,9
6a3a4a63000000001101178c,ABFp9qW6v_2M6KNAEz5q-_01MQx0zkxkQ79dOjjkKL7KM=,字母加盟热火 整一套雄鹿字母 这交易怎么说,老球登｜球迷托拉斯,https://sns-avatar-qc.xhscdn.com/avatar/1040g2jo312gap74c1o004a0rsmofmnhfr21r4f0?imageView2/2/w/80/format/jpg,4,0,3,7
6a2e20f6000000002103c70b,ABcL26rrWBFd_ipLEzPQSUyJamVoO91AgypbKGR9Htk2M=,🏆恭喜尼克斯拿下2026年NBA总冠军,湖人总冠军（Luka版）,https://sns-avatar-qc.xhscdn.com/avatar/1040g2jo31c7n4e86gu005piglrk0u6t2af89l08?imageView2/2/w/80/format/jpg,18,3,6,3
69ef3a6d0000000035029c9a,ABn7TdgexYi_jlImARCf9ZnhGqJQsEB0qqH-J81XQbgho=,NBA金州勇士队海报,Amu,https://sns-avatar-qc.xhscdn.com/avatar/1040g2jo320iaiielmo605q2lf4pnh0g6v3i6dfg?imageView2/2/w/80/format/jpg,147,69,8,24
6a2fec1c000000000702acd0,ABCRfV8ETmOOfXjNl4OrQfuIVpURSGMbLSQmDnSPbkN_U=,Anthony Edwards｜安东尼·爱德华兹,Ashore原创,https://sns-avatar-qc.xhscdn.com/avatar/1040g2jo31vmttiosii605qf7lh9g8u00qsrsndo?imageView2/2/w/80/format/jpg,107,60,54,1
6a05bb2d000000000701363c,AB6fydUSmhOSG4lFryYVz53W36VYUs-z-mEtVzqxmDW5o=,GPT image2 NBA东部球队,Stephen-elf,https://sns-avatar-qc.xhscdn.com/avatar/6307a596a93e1d6194830863.jpg?imageView2/2/w/80/format/jpg,10,9,0,1
6a01634e0000000035039b55,ABy36na50b3LfhavzrqKemxZcOtqF8O3koJ4BDdPGT654=,NBA篮球手机壁纸｜Wallpaper,Alven Wallpaper,https://sns-avatar-qc.xhscdn.com/avatar/1040g2jo322euclsr6s005opchg78vqt8v4grpng?imageView2/2/w/80/format/jpg,144,65,28,7
69fcab8b00000000350208dc,ABBsvyD1Okso0IR6uTzVuB3kjQx3Xw5sJi0JMFkz44m_0=,30元组建NBA最强五人组,阿里楚离,https://sns-avatar-qc.xhscdn.com/avatar/1040g2jo31rqukd3h286g5oeo7h1k1s9um6sa8k0?imageView2/2/w/80/format/jpg,600,189,841,65
6a011f4f0000000008031ddc,ABy36na50b3LfhavzrqKemxauUC7kj2RePkEFz6Y-J8iY=,🔥又一个4-0！难道今年总决赛是这两个？,木南聊球,https://sns-avatar-qc.xhscdn.com/avatar/1040g2jo31uvfo6c0ii6g49naclvi29qml0qf9bg?imageView2/2/w/80/format/jpg,59,11,94,6
6a2e2974000000003502ad53,ABcL26rrWBFd_ipLEzPQSUyM8fxozWyojwsLZP-8iB-BM=,自制球星海报第三十弹：杰伦布伦森,zzyxq,https://sns-avatar-qc.xhscdn.com/avatar/5d3c233000000000160358df.jpg?imageView2/2/w/80/format/jpg,14,3,4,1
6a2e34e5000000002202e0b3,ABcL26rrWBFd_ipLEzPQSUyBZCEFkTXaADxtY3vnNIZJA=,NBA2025-2026赛季总冠军---纽约尼克斯,默契即可拉风,https://sns-avatar-qc.xhscdn.com/avatar/1040g2jo31bb6c19s7q6g5o67bll082ct4idunto?imageView2/2/w/80/format/jpg,7,1,2,1
69faee67000000002202ab07,AB_xMsBzec7X-3-CZ8wQFwoqgbpbWhPl625aHGGH9c1k0=,NBA75大球星合集TOP61-75（持续更新）,11az4,https://sns-avatar-qc.xhscdn.com/avatar/1040g2jo31kemivmqj26g5nh8d5r092oplt5md5g?imageView2/2/w/80/format/jpg,58,24,11,3
6a2e02a500000000080258e8,ABcL26rrWBFd_ipLEzPQSUyMkk_xD1Tn7_J2_2wEBuYL8=,NBA总决赛，尼克斯VS马刺,犯懒大王,https://sns-avatar-qc.xhscdn.com/avatar/1040g2jo31vs8bv6b2q405q430o53dl33fiah3p8?imageView2/2/w/80/format/jpg,7,0,0,0
6a292d94000000002202b2d8,ABXzbP433karRg3ngr4-4Ml3TgYkKWt2K8WCvLodY9vvE=,NBA壁纸｜湖人奥尼尔,老球登｜球迷托拉斯,https://sns-avatar-qc.xhscdn.com/avatar/1040g2jo312gap74c1o004a0rsmofmnhfr21r4f0?imageView2/2/w/80/format/jpg,25,22,11,4
6a2a8a65000000000e031401,ABK9LrzzXpC21hnAQavG8EE8Sujjvw1ZEzSXFcWQcKHlE=,🏀 北京NBA旗舰店打卡｜篮球迷必去,美式冰咖啡,https://sns-avatar-qc.xhscdn.com/avatar/1040g2jo3204760iki0005oatfli0j8n180o07rg?imageView2/2/w/80/format/jpg,14,9,1,13
6a278681000000001503d8e9,ABk-qVA4i9oKVJvw36K9ZoYgFz6vxfX9pTRJUBN7h35QQ=,NBA好久不见,若木,https://sns-avatar-qc.xhscdn.com/avatar/1040g2jo3153ftnugha605nlh1qd08b8c5dgu9d0?imageView2/2/w/80/format/jpg,8,0,0,0
69f0a156000000001b02324f,ABsxpes8Tq86QvKqjx6mR3PzQ-eP6iZa89no-W_w_yDZE=,NBA75大球星合集TOP26-30（持续更新）,11az4,https://sns-avatar-qc.xhscdn.com/avatar/1040g2jo31kemivmqj26g5nh8d5r092oplt5md5g?imageView2/2/w/80/format/jpg,13,4,6,5
6a1d0487000000000702ad1c,ABCdmnJ4SUptKxjxNR_wdyc3U54IDJG6xida3zPlFfJl0=,NBA总决赛开打， 你看好谁？,KK,https://sns-avatar-qc.xhscdn.com/avatar/1040g2jo31epk11rv6a104bupuaps9cfi3p8ioq8?imageView2/2/w/80/format/jpg,15,1,3,1
6a1a8bd600000000060336aa,AB-6JpaUxcCHfSFUE7sFRcsiOToI56nGa1UHsmhFXSFfM=,2026 年 NBA 半决赛 马刺VS雷霆,👾GAUSS👾,https://sns-avatar-qc.xhscdn.com/avatar/5d988f70000000000101bbcc.jpg?imageView2/2/w/80/format/jpg,5,3,7,9
69eb4a1e000000003502c06b,AB3xmkKJ126-yfh3vQqqUVChtQgiJWeJ6FXFgumAp3Cps=,咱们今天聊点硬的——,雯雯⁶⁶⁶,https://sns-avatar-qc.xhscdn.com/avatar/1040g2jo31r06n2436ucg5pvmcbl3i3aefshju4o?imageView2/2/w/80/format/jpg,42,12,33,2
6a16513d000000003803633a,ABBgtYtp5vdypXEHpXVb4_QiEeRdZ_G-vMQSipSxvwTzM=,时隔27年！恭喜纽约尼克斯重返NBA总决赛！,无限球星卡,https://sns-avatar-qc.xhscdn.com/avatar/1040g2jo31qclv2c17g5g5pi4bkf1ood39t84o48?imageView2/2/w/80/format/jpg,25,2,4,4
6a07aa9d0000000006030d1c,ABVaA-O8xow8hyyUtoyja2esmme5FfEsuSqo81NBxO1vc=,很多人讨厌科比，但没人敢否认他的伟大！,开心😃【壁纸】😃,https://sns-avatar-qc.xhscdn.com/avatar/1040g2jo31vkegqno2g0g5p59uimqmubl5ddls2g?imageView2/2/w/80/format/jpg,24,10,32,2
6a27d8810000000022024a81,ABk-qVA4i9oKVJvw36K9ZoYn68Uv_DrEWTod7KUM1JGFA=,🥊这给我看的还是NBA吗？,腾讯体育,https://sns-avatar-qc.xhscdn.com/avatar/1040g2jo31dv0ed8nh0005ph61f75prnq3adi3b8?imageView2/2/w/80/format/jpg,2561,433,988,1184
69e9ed5b000000001f002fcc,AB-FMmqngRlUPt92GcZYk24RhgaYoEKF8Va7HYaMaSXtk=,,NBA HOOP PARK 篮球公园,https://sns-avatar-qc.xhscdn.com/avatar/67442e0e2ff99b0001df8d52.jpg?imageView2/2/w/80/format/jpg,123,19,3,3
69deeed6000000002202ae74,ABnCZ7LI9mrAuEGcHARKkGVlnwIlOlA86LHW2nirNq_oQ=,现役球星TOP45：新老交替的联盟格局,爆seed,https://sns-avatar-qc.xhscdn.com/avatar/636eddde0f64162f95170dfc.jpg?imageView2/2/w/80/format/jpg,145,24,143,6
69def049000000001d019c91,ABnCZ7LI9mrAuEGcHARKkGVjWDtKN36TxD1MMaZjWjEo4=,NBA总冠军,老Boy雷哥,https://sns-avatar-qc.xhscdn.com/avatar/645c85dc22baa9c0d678e1e2.jpg?imageView2/2/w/80/format/jpg,180,77,11,12
69d886eb000000001b000a17,ABAz_Idh8El7OlllD9ggFLAphPsDcli_bD-mR5H_hPAn8=,4月11日NBA🏀赛程安排🏀,随遇而安丶,https://sns-avatar-qc.xhscdn.com/avatar/1040g2jo31r2ck01t746g5oqqe2gmbu756ihth90?imageView2/2/w/80/format/jpg,9,10,0,0
69c9197e0000000023015187,ABybWDp6xoCSh0ZM6Bc0s9Eqg4cqq7iJvRu9mRBv8MWvg=,假如他们都回到母队,TOP NBA,https://sns-avatar-qc.xhscdn.com/avatar/1040g2jo31gkeciphjs005ptb878397gtqbv4vr8?imageView2/2/w/80/format/jpg,1063,223,320,38
6a57535d00000000060371a1,ABjSHbn7Z-0MZ_oVOZkblHnf3r5SkIoPV1joVKSGaAYBQ=,所有人都在巅峰🏀选出你认为最强的五人组❗️,就是球🏀,https://sns-avatar-qc.xhscdn.com/avatar/66f805eb6b066266c44734ca.jpg?imageView2/2/w/80/format/jpg,15,5,120,2
69be3dbd000000002301239c,ABWf5OM7DFJ_BABhgNgJz_ybXoa_lG2iEV4AvTN9LXGNw=,火箭稳坐前四，掘金回血，森林狼跌出前五,大江东去,https://sns-avatar-qc.xhscdn.com/avatar/1040g2jo31501f3dg0s0g5no4ajlg8hesgni1lno?imageView2/2/w/80/format/jpg,17,4,1,1
69a3e8ff00000000220305e2,ABFCD_vdfXUemkBRu51dQPNAdILRiaoCBSMy6gvq95_rA=,NBA2K26当乔丹来到了现在的NBA,Gunther_Yu,https://sns-avatar-qc.xhscdn.com/avatar/1040g2jo31gdssu4mjs6g4adaog3m1grk888jgs8?imageView2/2/w/80/format/jpg,1307,265,274,107
6a574b84000000000702c6c4,ABjSHbn7Z-0MZ_oVOZkblHnbWo445um7f_u_zfYDVKMYw=,🔥 一个老詹卡死整个NBA交易动向！牛啊！,喜欢篮球的小光,https://sns-avatar-qc.xhscdn.com/avatar/1040g2jo31cq5bbhf0m6g5psbnnoji252lbsj1p8?imageView2/2/w/80/format/jpg,6,0,9,1
6a55c865000000001700b924,ABNrIU9Kj1LWAoLsud7dCtLJHAECuDvVKt8ucIKV02240=,NBA三分命中数最多的球员TOP10,格调篮球圈,https://sns-avatar-qc.xhscdn.com/avatar/1040g2jo32294f4767u005nb156ag9bcgk3dikf0?imageView2/2/w/80/format/jpg,29,9,31,2
6a5b7335000000000101dd0a,ABEAgP4coJ8pvXgDzq8_zpaEKSMSeADr9uB5H3x9_9abc=,潮帽集合店，百款球队帽任选,街头帽子,https://sns-avatar-qc.xhscdn.com/avatar/1040g2jo3223r7inbne0g5qdc8erckinn2a3ublg?imageView2/2/w/80/format/jpg,0,0,0,0
6a5b524a000000000f016e06,ABEAgP4coJ8pvXgDzq8_zpaAlDQATofo0nEbzFb-IIsl0=,上来就是一脚奥！,5280号掘金小矿车,https://sns-avatar-qc.xhscdn.com/avatar/1040g2jo31vo2i5dk1m6g5q7j10jtovslr8emtqo?imageView2/2/w/80/format/jpg,3,0,0,1
6966270c000000001a01f2ac,ABKsIjah10mgsN_9mn144lRdRT0ssTw6F5AkVh3fe3sbY=,迈克尔乔丹是如何一步步走向神坛的,nba民间图库,https://sns-avatar-qc.xhscdn.com/avatar/1040g2jo31ifd99h2g8605pef2hc13vtrqhv4sgo?imageView2/2/w/80/format/jpg,5057,1898,340,405
6a5ae47b000000001102ec6b,ABt_ribSGvPgOmFMVE85lfRUyW980P21lPn3b-QUyMWWg=,还原NBA，是最吸引我的地方！,老C,https://sns-avatar-qc.xhscdn.com/avatar/1040g2jo31su91ca15s005q63g9m69v0qolq5v7g?imageView2/2/w/80/format/jpg,23,3,1,0
69ffdf210000000008031500,ABvWPcyZKxN5YkjYTCueX3lcWjOklh7itBaOZOfv2jJlI=,NBA女主播 | 172/96 梦中情裙走进现实💜,魏欣怡,https://sns-avatar-qc.xhscdn.com/avatar/1040g2jo312phcbmp2u005no60dvgbmo3likq4r8?imageView2/2/w/80/format/jpg,658,162,21,30
6a54fabd0000000021018f00,ABPR2xrI6XFYqwMGOpEhVTfeHt2lrCe1g3fB3hBR3E_H0=,🔥望住明珠塔打波嘅上海NBA Hoop Park !?,香港籃球員呀川,https://sns-avatar-qc.xhscdn.com/avatar/1040g2jo31qtvgs36ng005p5rbqa56lcnhq400g8?imageView2/2/w/80/format/jpg,1,1,1,0
6a5b2ef10000000011012bca,ABEAgP4coJ8pvXgDzq8_zpaNSLMCR7FyFMgx1YOhokGBo=,有偿招募NBA2KOL2选手｜打游戏就能领钱,不吃香菜,https://sns-avatar-qc.xhscdn.com/avatar/1040g2jo3219ghvtu706g5qf9jtu0g40182fp6go?imageView2/2/w/80/format/jpg,0,0,0,0
68779621000000001c0348da,ABhi5Z_qc9YuE_nsmBQPK7OlU3qmqku9pJB4k8dfeAp5I=,科比和库里谁应该进NBA历史前十,篮球实评（实哥）,https://sns-avatar-qc.xhscdn.com/avatar/1040g2jo315e5fom6he5g5n7pjns99a4kruc1k98?imageView2/2/w/80/format/jpg,4,0,4,0
6a546f12000000001503d0f6,ABPR2xrI6XFYqwMGOpEhVTffnjoOlPUtns9zHfB4adK3k=,NBA各球队队史单场得分最高的球员,格调篮球圈,https://sns-avatar-qc.xhscdn.com/avatar/1040g2jo32294f4767u005nb156ag9bcgk3dikf0?imageView2/2/w/80/format/jpg,55,25,15,1
6a5b1ca200000000140078ad,ABEAgP4coJ8pvXgDzq8_zpaBfK4bj00FHY6oy9w_ZmRBg=,球星的碰撞：98NBA全明星赛掠影🌟🏀,回基洞洞长,https://sns-avatar-qc.xhscdn.com/avatar/1040g2jo30v4g69gvl8005oo23p5mc3m11u0l7eo?imageView2/2/w/80/format/jpg,5,1,0,0
6a3d06770000000021018893,ABlUFLw-UqmoLIaSlJDaOJ8UPab6tHz5TGerF_viiQDLU=,“NBA状元迪班萨vs24年国青比赛完整版”,篮球摄手虎,https://sns-avatar-qc.xhscdn.com/avatar/1040g2jo31ijmt9pf02005o976i5g8k511oa1j60?imageView2/2/w/80/format/jpg,2304,635,308,223
6a4e28aa000000000f017245,ABoe9urFr52VXIINk8ahKSRv5BIzn-Dv6IIY6XWxdM6JA=,NBA历史东亚球员一览,阿里楚离,https://sns-avatar-qc.xhscdn.com/avatar/1040g2jo31rqukd3h286g5oeo7h1k1s9um6sa8k0?imageView2/2/w/80/format/jpg,699,134,434,28
692e9464000000001b0212a7,AB2R-1kQ-RHKdHNdhHXXHzg24RHiixwLri5W7wbS_0j8k=,自己找回场子来,腾讯视频体育,https://sns-avatar-qc.xhscdn.com/avatar/64e44b6d639cd48974e19ef4.jpg?imageView2/2/w/80/format/jpg,1108,151,35,36
6a4dd88a0000000007029159,ABgh1mbI-VWRMlTQ8sIpYzDtLQuqH29utqZxfqqDHt438=,🔥 NBA交易汇总 | 7.8 历史第二大交易？,喜欢篮球的小光,https://sns-avatar-qc.xhscdn.com/avatar/1040g2jo31cq5bbhf0m6g5psbnnoji252lbsj1p8?imageView2/2/w/80/format/jpg,72,13,2,4
6a4b2f85000000000702189f,ABxrvC-kxowxsGCZWMLMpxK5WFjin8IjjyBXlvyXV6mtg=,4年2.12亿！正式锁定！NBA休赛期最烂合同,教主侃球,https://sns-avatar-qc.xhscdn.com/avatar/64efee44f683aebc87f846e3.jpg?imageView2/2/w/80/format/jpg,7,3,6,0
68c7f5ce000000001c00ffde,ABQeHcj13vTeROGnoXi8V3Lzu2AIWJXChljPXn13Tdr04=,23秒卡点致敬伟大的飞人乔丹,nba民间图库,https://sns-avatar-qc.xhscdn.com/avatar/1040g2jo31ifd99h2g8605pef2hc13vtrqhv4sgo?imageView2/2/w/80/format/jpg,182,73,20,11
6a4c7c05000000002201636d,ABIbGE4451ctX4rwHiGOryhwKTaOLfCOyMSpu8NSCxIMc=,🔥 NBA交易汇总 | 7.7 自由市场人不多了,喜欢篮球的小光,https://sns-avatar-qc.xhscdn.com/avatar/1040g2jo31cq5bbhf0m6g5psbnnoji252lbsj1p8?imageView2/2/w/80/format/jpg,15,2,0,0
694e3391000000001d03d26b,ABCmDhFx_HQT3uOolqgEWLvEQyAw2BhcOLqC45nYBTnRs=,❄️年终大战精彩回顾：火箭大胜湖人,腾讯体育,https://sns-avatar-qc.xhscdn.com/avatar/1040g2jo31dv0ed8nh0005ph61f75prnq3adi3b8?imageView2/2/w/80/format/jpg,2314,442,177,201
690063740000000007035e93,ABkffZ-RyAHG3dg5JBw1XX2p8ll_3kfsILnNQWAchOf4Y=,,NBA HOOP PARK 篮球公园,https://sns-avatar-qc.xhscdn.com/avatar/67442e0e2ff99b0001df8d52.jpg?imageView2/2/w/80/format/jpg,2933,226,281,246
6903076500000000070320fd,ABCuAJu8Sf0dMELw9LJN_CTt2gpH8ccKSVCcZfJJ3sQIk=,,NBA HOOP PARK 篮球公园,https://sns-avatar-qc.xhscdn.com/avatar/67442e0e2ff99b0001df8d52.jpg?imageView2/2/w/80/format/jpg,1820,168,106,79
6a4891d10000000008030d51,AB8Y4ftibNX7Si0FeRfrjzhhxWHzdU4TmHdjx8iVNoO_M=,🔥 NBA交易汇总 | 7.4 又是平淡的一天！,喜欢篮球的小光,https://sns-avatar-qc.xhscdn.com/avatar/1040g2jo31cq5bbhf0m6g5psbnnoji252lbsj1p8?imageView2/2/w/80/format/jpg,5,0,0,0
6a4844c10000000016027fd2,AB8Y4ftibNX7Si0FeRfrjzhjZ2CzNfDZL9KNiTL821-44=,【NBA交易】 7/4 汇总～湖管卖队,N大师,https://sns-avatar-qc.xhscdn.com/avatar/1040g2jo31dme16t2gm0g5pr8qrhm3g75fu53dk0?imageView2/2/w/80/format/jpg,2,0,0,0
6a473b97000000002100b9d9,ABhOMgTwFUr3sCBRY75US3lS7Z6VOLFoDdU8_tCcgg40c=,🔥 NBA交易汇总 | 7.3 平平淡淡的一天！,喜欢篮球的小光,https://sns-avatar-qc.xhscdn.com/avatar/1040g2jo31cq5bbhf0m6g5psbnnoji252lbsj1p8?imageView2/2/w/80/format/jpg,5,1,0,0
6a45e658000000000702333c,AB36IyAedIoclyXkvLQrOd1OVbfuJiybG6J_o9m76DTy8=,💥 NBA交易汇总 | 7.2 所有炸裂消息汇总,喜欢篮球的小光,https://sns-avatar-qc.xhscdn.com/avatar/1040g2jo31cq5bbhf0m6g5psbnnoji252lbsj1p8?imageView2/2/w/80/format/jpg,9,1,2,1
6a5af6ca0000000001030181,ABt_ribSGvPgOmFMVE85lfRaqCjNF_JMXqDWHjX_HiG5o=,篮球男生本命穿搭🏀NBA联名成套直接抄作业,瘦瘦大王,https://sns-avatar-qc.xhscdn.com/avatar/1040g2jo31u3cte5i2a005ndlgnu08ksm3jfh1l0?imageView2/2/w/80/format/jpg,2,0,1,0
6a5b7300000000000a038b8f,ABEAgP4coJ8pvXgDzq8_zpaJ4ifKMoIhTHVLYByjrvdAI=,芝加哥上空的23号｜当乔丹化身黑暗神明,Long-JourneyTime,https://sns-avatar-qc.xhscdn.com/avatar/1040g2jo31vcljk6a2i605nf4o8lg8iob4uuhnmo?imageView2/2/w/80/format/jpg,0,0,0,0
68eb48db0000000004010f2f,ABL8Z1LjFlarKEvNUJhjZx4gHKsEDSlM-GhtX_ykXodpM=,⚡️梦回2008！这简直就是科比本比！🏀,爱玩游戏的Linfeng,https://sns-avatar-qc.xhscdn.com/avatar/1040g2jo31lb4r7i2ks004a9dg547186e337b260?imageView2/2/w/80/format/jpg,973,420,74,337
693f91c8000000000d035fcb,ABbpQG8EooAPtHS5mC4MYCOZZWuObyS1qZfl0Rk-q7vx0=,,腾讯视频体育,https://sns-avatar-qc.xhscdn.com/avatar/64e44b6d639cd48974e19ef4.jpg?imageView2/2/w/80/format/jpg,2343,342,340,320
6a5b34690000000011010192,ABEAgP4coJ8pvXgDzq8_zpaJbdaNwRLPST4309lL0Qp5k=,7月18日WNBA伤停汇总,夫四两,https://sns-avatar-qc.xhscdn.com/avatar/1040g2jo31ksuncbhk86g5q4kntrq3noc83s63uo?imageView2/2/w/80/format/jpg,0,0,0,0
6a4755480000000011012bc0,ABhOMgTwFUr3sCBRY75US3leiRk7-LTW25AIE1jnhosuw=,轻松绷住。,光月定大青蛙,https://sns-avatar-qc.xhscdn.com/avatar/1000g2jo2k95a53kj406g4a5646mojbltkel15po?imageView2/2/w/80/format/jpg,3242,661,50,52
6a5b54ad000000000f03eb7b,ABEAgP4coJ8pvXgDzq8_zpaBcyd7u_gWTarPI2DHC8jVo=,🍑✋,Hea,https://sns-avatar-qc.xhscdn.com/avatar/66965d61b8315cc22c1b5951.jpg?imageView2/2/w/80/format/jpg,13,1,0,0
670bb3460000000021000ea3,AB9ejjhv1vQqr6VemgVQR7yrfgn8hNeLSZKE1SztmylIU=,对于nba选秀有个小故事跟大家分享一下,朱芳雨,https://sns-avatar-qc.xhscdn.com/avatar/5d0731812b3ad80001399288.jpg?imageView2/2/w/80/format/jpg,6530,638,815,663
69072d240000000007034f64,ABEay-KhMDvzYp101sop69dTEysFFOSmvL6ridT29q5sY=,建材乔丹换上潮流小套装面对零比四残局,杰瑞,https://sns-avatar-qc.xhscdn.com/avatar/1040g2jo31v2f2qli2s0g5os5gk0nqmefk36ilng?imageView2/2/w/80/format/jpg,4816,1025,217,201
680cca4c000000001c00d14d,AB1GwezyY05PxfTrq9orf-nBquqWSiR8S5H3Z2ns_fpDE=,这样的KOBE你能玩多久？,姜琪笙,https://sns-avatar-qc.xhscdn.com/avatar/1040g2jo31vs7sdovii6g5o8ih88854sufij29m0?imageView2/2/w/80/format/jpg,569,301,31,25
66ae21bf0000000005022c12,ABnLTCjes_yFxG-HbT3kfrmwydgGDgNhvR5eyoD-fr7Vc=,逆天的颜值，192cm的长腿，有谁顶得住,OneLittleStep,https://sns-avatar-qc.xhscdn.com/avatar/1040g2jo31v4lgj2c2i005pkeok7guckbmh97iho?imageView2/2/w/80/format/jpg,4961,925,220,365
6a5a28b80000000005038e86,ABt_ribSGvPgOmFMVE85lfRSTzPyVrcp1gY68L0oDRn5g=,7.18球星卡上新【预告】,栗子球星卡,https://sns-avatar-qc.xhscdn.com/avatar/1040g2jo31rkliqdi32005nkehva08ia8skqr64o?imageView2/2/w/80/format/jpg,1,0,0,0
69154fe90000000004022096,AB6RGdBf9WRkra2n2MTcT-0W7uQBeazmb2G770PFsQJu4=,🙀单节22分！这就是我们的____！,腾讯体育,https://sns-avatar-qc.xhscdn.com/avatar/1040g2jo31dv0ed8nh0005ph61f75prnq3adi3b8?imageView2/2/w/80/format/jpg,2143,171,148,168
6917f6980000000004022a14,ABcwKhKNjjtfwLDxBl5ppU8L-N5K3JFRSXojfzWhzSdGo=,NBA现役球员实力金字塔，合理吗？,商业广告修图jarry,https://sns-avatar-qc.xhscdn.com/avatar/1040g2jo321fs1dpl7o005nvs6hqg9fht4fdhvdo?imageView2/2/w/80/format/jpg,429,56,667,29
696f59cf000000001a01f261,AB5cYcVqWyjgZmr6U93ukB196-TvIu5uLHRN0_L4lwEv0=,NBA所有球队,芋圆源源🥕🍦,https://sns-avatar-qc.xhscdn.com/avatar/1040g2jo31ujsspqa2q5g5pqbjn2n36i8an6uak8?imageView2/2/w/80/format/jpg,163,60,2,17
6a28dcff00000000060365f7,AB4yWK8dCo2__O-rxRNrxSLJ5AZUSAFRsL94ZsSdiwpy0=,完全不懂篮球的人听到尼克斯赢了的反应：,乐乐Jenn,https://sns-avatar-qc.xhscdn.com/avatar/1040g2jo31v5n1b3cia005n88cta5miorj06lbko?imageView2/2/w/80/format/jpg,1618,253,28,98
687a2135000000000b02d1bc,ABHVfRxVDGE_ZkxxW8IjV1FY2WLwv_RrKaH-o5KM8CZis=,杨瀚森生涯能超易吗,有空看球,https://sns-avatar-qc.xhscdn.com/avatar/1040g2jo3226dppdjms6g5ovgmvfjq8okcli5ta0?imageView2/2/w/80/format/jpg,140,35,48,21
68cfe322000000001303670d,AB6OuIgZFTRfFePm7dWrqvj-nMPyyKTJODiF8n1YnlQe4=,欧文精彩过人集锦！观赏性无人能及,高清篮球动态,https://sns-avatar-qc.xhscdn.com/avatar/1040g2jo31bf6biscge005nk496eg8ajpr40b4vg?imageView2/2/w/80/format/jpg,2224,651,56,146
6a2a304800000000350293ba,ABK9LrzzXpC21hnAQavG8EE6mAgWW94xWBNbDgPSvAO0U=,,咪咕体育,https://sns-avatar-qc.xhscdn.com/avatar/f4aefd8b-3575-3727-b23c-8f117380e0ca?imageView2/2/w/80/format/jpg,1105,171,201,254
6a4f2a710000000006021ff3,ABKwI9xjY_W1WqV8vEzalhcF2t1YUzIk6vMb30T6HRpv8=,🔥 NBA交易汇总 | 7.9 没啥大事发生！,喜欢篮球的小光,https://sns-avatar-qc.xhscdn.com/avatar/1040g2jo31cq5bbhf0m6g5psbnnoji252lbsj1p8?imageView2/2/w/80/format/jpg,4,0,0,0
69f1974f000000003502a88d,ABI_1KySTbJ-o1xBwZTeUewSk1mvSz9oFFnRgBsXQTyOA=,不得不说，现在NBA的裁判比拉拉队要养眼,欧文FAN,https://sns-avatar-qc.xhscdn.com/avatar/1040g2jo31ncdos31lm6g5p4jmq09egb06kbiql8?imageView2/2/w/80/format/jpg,161,80,4,9
6a45b37d000000001702999e,AB36IyAedIoclyXkvLQrOd1EiR4RQ2-Om81CGy8Vfp8w4=,🔥【NBA交易】7/2汇总-东西部大地震🤯,N大师,https://sns-avatar-qc.xhscdn.com/avatar/1040g2jo31dme16t2gm0g5pr8qrhm3g75fu53dk0?imageView2/2/w/80/format/jpg,11,2,2,7
6a44329c000000000f033bd4,AB7YyCH4EjzQUYvinIPW-S2-QqkKYVKm7oicwEu5SmDeU=,NBA地震级交易,SpaceX-Sport,https://sns-avatar-qc.xhscdn.com/avatar/1040g2jo31vs382dc48005opuv5rm5512ah77bl8?imageView2/2/w/80/format/jpg,204,32,122,55
6a43480800000000060204f8,AB17NFm1jEtNoI1fW2P7PWjbaoirq7XhpdFNk22b2bpAU=,🔥 过去24小时，NBA交易/续约资讯全复盘,喜欢篮球的小光,https://sns-avatar-qc.xhscdn.com/avatar/1040g2jo31cq5bbhf0m6g5psbnnoji252lbsj1p8?imageView2/2/w/80/format/jpg,6,1,0,1
6a33f16f000000001702c357,ABgRFviqFOPfFVZPA0zXoMGKQMAypH91TvCo6bGmWvfBo=,NBA2K26 马刺 vs. 尼克斯 总决赛G3,Lunatic,https://sns-avatar-qc.xhscdn.com/avatar/1040g2jo31kt5n1tpj4005o6ooo509e3q2a0n918?imageView2/2/w/80/format/jpg,10,2,2,1
671afb4f0000000024015fce,AB4PtEpkZ_sqhgcjsgLiha4i_dX6ZJ7olUdH3XDQLK3y8=,NBA 开赛！Opening Night again 🏀,amm-amm-,https://sns-avatar-qc.xhscdn.com/avatar/1040g2jo30vgv1onu621048jaa57vfh3k9jbafc0?imageView2/2/w/80/format/jpg,886,187,43,38
6a3ccdf8000000002003b16a,ABMMMbyyrH5jQKlQFUak-i0saCoJPWeNoKiI8fbVLTEXg=,2026 NBA选秀完整60人名单出炉！,NBA情报组,https://sns-avatar-qc.xhscdn.com/avatar/1040g2jo320olvrk3m8005qdea7at3agddg3npmo?imageView2/2/w/80/format/jpg,13,5,1,2
6a3ddf1800000000150277f1,ABlUFLw-UqmoLIaSlJDaOJ8VXWnLvxCQ7AAlOJAFakKkI=,全球收入最高的运动员,柴大咪的家长,https://sns-avatar-qc.xhscdn.com/avatar/1040g2jo31uu13se32i605nrls9n08sq018dsng0?imageView2/2/w/80/format/jpg,151,28,13,23
6a3b6d49000000000701202b,ABJCUqKyPq7_MKO9FPBLc31IsHi_QmnA-DPGAOZuVlBrE=,2026 NBA 选秀首轮全总结｜状元迪班萨领衔,喜欢篮球的小光,https://sns-avatar-qc.xhscdn.com/avatar/1040g2jo31cq5bbhf0m6g5psbnnoji252lbsj1p8?imageView2/2/w/80/format/jpg,20,1,4,6
6a38a0e4000000000f031a71,ABl0NZz6UmBOJRlbunrZ8EFvpIw6u12PJff5L16njjJiM=,NBA目前交易/签约汇总（2026）,Brunson,https://sns-avatar-qc.xhscdn.com/avatar/1040g2jo31fsvtvk57i005onb1rfnqrduii2tu7g?imageView2/2/w/80/format/jpg,220,47,116,25
69f9d17d000000001a02d48c,ABThv7KwrJWX9cw-m7RSkB7wBUNLdODAj__TuG2yONdJ0=,NBA女主播｜188腿姐·镜头后不为人知的一面…,廖昕阳_小太阳,https://sns-avatar-qc.xhscdn.com/avatar/1040g2jo32225s2mp7u005nqnen9gbnh4j3mko4g?imageView2/2/w/80/format/jpg,191,58,4,7
6a4483f0000000001c02555c,AB7YyCH4EjzQUYvinIPW-S2wYdmpzDhX2r4MW3ow6xtqI=,拍照姿势｜轻松绷住📷,马宝儿,https://sns-avatar-qc.xhscdn.com/avatar/6454cd76c14f60662be3a168.jpg?imageView2/2/w/80/format/jpg,27574,1090,207,167
6a2799e0000000001603f052,ABk-qVA4i9oKVJvw36K9ZoYklIS7sNiiaKN7OD0vN_zKA=,儿时家里贴满了NBA海报，如今我身临其境！,卡米然Ma3colm,https://sns-avatar-qc.xhscdn.com/avatar/634047673a9fa858711b6d91.jpg?imageView2/2/w/80/format/jpg,4688,513,106,178
6a2fad16000000001102f776,ABCRfV8ETmOOfXjNl4OrQfuPqnuk7AEntPS479XRAyBpc=,全方面解析一年级天才----狄伦.哈珀,一个普通人,https://sns-avatar-qc.xhscdn.com/avatar/1040g2jo31r34lakrn0605q67ta6mbns3j3fhu8g?imageView2/2/w/80/format/jpg,1004,234,285,90
6a20ddf500000000350291d6,ABma6w5g1GReGUtqqk5Aj-m2OkWx9realpKFVUGKUp_OA=,心中的球星之高比.拜任,皮蛋瘦肉粥加冰,https://sns-avatar-qc.xhscdn.com/avatar/1040g2jo31o7leci7l2005nsffm7g8gk3qi3r16o?imageView2/2/w/80/format/jpg,35,12,4,9
67616310000000001300ec5a,ABffDEMc-_ovHv0VHh3IR-cwYs5k8iXGS3fp_EqUK5mUM=,终于看到了湖人🇺🇸🏀,RuoYu,https://sns-avatar-qc.xhscdn.com/avatar/1040g2jo31u76ie3big004a62e0edr8u0u24cjfo?imageView2/2/w/80/format/jpg,997,231,14,31
6a2e491d0000000015025382,ABcL26rrWBFd_ipLEzPQSUyJYwgWHePoDyVkZosJs7gMo=,🏀NBA总决赛是年少马刺的成人洗礼,飞鸟和鳟鱼,https://sns-avatar-qc.xhscdn.com/avatar/1040g2jo31f4bm8376a0g5omvjivnqo62m01leoo?imageView2/2/w/80/format/jpg,9,1,4,0
6a20ef7e0000000036001b41,ABma6w5g1GReGUtqqk5Aj-m6piO1HaWDr8smtvZhqTytw=,NBA总决赛赛程来了！,菠萝🍍,https://sns-avatar-qc.xhscdn.com/avatar/1040g2jo320psumnfmo0040p0240tb7g1jvuqvag?imageView2/2/w/80/format/jpg,38,19,14,22
6a1cd2050000000007027dfa,ABCUat1hgNz1bFk1mbmjBKBdOlDGk0ZjvWVJBfD4taHUo=,马刺尼克斯前瞻：尼克斯4-2轻松捧杯！,人到球到,https://sns-avatar-qc.xhscdn.com/avatar/1040g2jo3130lprsk6c6g5nu8lcq0bqrfnc5m0qg?imageView2/2/w/80/format/jpg,136,34,376,21
6a1e3ee500000000070226fa,ABEUnMb0K94rO415NeW0VI8Fj6KxHaFpz9oRjTFEpFd4k=,NBA总决赛赛程来了,屿风篮叙,https://sns-avatar-qc.xhscdn.com/avatar/1040g2jo321q7m84dna605qg6q5m08v00tvh1ab0?imageView2/2/w/80/format/jpg,59,19,4,20
6a1a71860000000006035180,AB-6JpaUxcCHfSFUE7sFRcsjw_WzV-TvibsIROfZ0OcsU=,NBA季后赛西部决赛G7：马刺对决雷霆🔥,小蓝板,https://sns-avatar-qc.xhscdn.com/avatar/1040g2jo31tqe4k6p6u005q277406sc22dme9too?imageView2/2/w/80/format/jpg,18,2,2,0
6a1ba556000000003601905b,ABSltn_9ssAysVFr2_pog0ZY_aeGz5VChzX2ayEZk-bek=,总决赛赛程出炉！首战4日8:30,InitialZ,https://sns-avatar-qc.xhscdn.com/avatar/1040g2jo320kdghm4626g5n9et3pk9m0n0pe0c4o?imageView2/2/w/80/format/jpg,103,66,6,54
6a17a7d900000000070113bb,ABdzvHzGu34bWPtuvSw0mFnZAkKfEyQMV36pqpZX3_wLA=,NBA女主播 | 172/96上镜很会穿的漂亮姐姐✨,魏欣怡,https://sns-avatar-qc.xhscdn.com/avatar/1040g2jo312phcbmp2u005no60dvgbmo3likq4r8?imageView2/2/w/80/format/jpg,747,267,35,68
6a0e784200000000060369dc,ABHAadpkw5W4qhurD0oXcwKkB2mj5Uo-Uv2bc8PwnW9_Q=,NBA女主播｜188腿姐·Officelady姐感穿搭4.0,廖昕阳_小太阳,https://sns-avatar-qc.xhscdn.com/avatar/1040g2jo32225s2mp7u005nqnen9gbnh4j3mko4g?imageView2/2/w/80/format/jpg,547,160,11,31
6a3028430000000007012599,ABNRPZGMfyU7Xtw8Bjy8AK2rjgxKuxuOswAj-jfElJGqs=,New York or Nowhere💙🏀,Kkaka,https://sns-avatar-qc.xhscdn.com/avatar/1040g2jo31ie2gagj0e005naq97408gtapf9nvv0?imageView2/2/w/80/format/jpg,293,55,8,8
6a13cf7a0000000006032181,ABP_-r2W13gmUerkCNH1JzCUmanCWAHC_tujOkojuTees=,姚明和文班亚马同届参选，谁会是状元？,艺且说球,https://sns-avatar-qc.xhscdn.com/avatar/1040g2jo31at0kap17a005orcltj7r9m6bkalalg?imageView2/2/w/80/format/jpg,47,8,277,1
6a16e1a700000000080312fe,ABBgtYtp5vdypXEHpXVb4_QrH65frVzo1kZKsqCZ-l0ic=,球场看台惊现黑白两道通吃型观众,艺且说球,https://sns-avatar-qc.xhscdn.com/avatar/1040g2jo31at0kap17a005orcltj7r9m6bkalalg?imageView2/2/w/80/format/jpg,46,7,15,3
69ec97b2000000001e00f7be,ABP9axZ52w_sr7iISzEKbzxMtPPcy6njM2U1nCxaBeBjU=,NBA女主播 | 演播室视角看老詹绝平三分！🔥,魏欣怡,https://sns-avatar-qc.xhscdn.com/avatar/1040g2jo312phcbmp2u005no60dvgbmo3likq4r8?imageView2/2/w/80/format/jpg,522,120,16,20
6a2cca76000000001503cf4b,ABTEdHWg9miXo8pUg4ORwxM3QWDVeWDf57Eo5LBto1_RQ=,美媒给出老詹5大下家，大家觉得哪个最适合？,佳美时尚锐点,https://sns-avatar-qc.xhscdn.com/avatar/1040g2jo31bm0vqu80s005parc8p41a39jh9i19g?imageView2/2/w/80/format/jpg,51,8,479,21
6a2e4d590000000006034f9e,ABcL26rrWBFd_ipLEzPQSUyBUyvQQeRxAs31xBJ1paClU=,NbA总决赛🏀尼克斯牛逼！,Luna,https://sns-avatar-qc.xhscdn.com/avatar/1040g2jo31ou9n183hq004braoo5fmvsaiu1bd0g?imageView2/2/w/80/format/jpg,93,12,14,3
6a3c97f70000000007011c3c,ABMMMbyyrH5jQKlQFUak-i0uzTur21RwKxu7c1vjby6vc=,🔥 NBA 交易汇总 | 6.25 灰熊秀操作！,喜欢篮球的小光,https://sns-avatar-qc.xhscdn.com/avatar/1040g2jo31cq5bbhf0m6g5psbnnoji252lbsj1p8?imageView2/2/w/80/format/jpg,12,3,3,0
6a2774550000000017008f47,ABk-qVA4i9oKVJvw36K9ZoYraJRUbz1w8yuq_F5BgBLwY=,谁懂！在线下看NBA总决赛也太有感觉了🥳,萱萱吃饱饱,https://sns-avatar-qc.xhscdn.com/avatar/1040g2jo3215idost7e005qh4uh9gg502ffgqfp8?imageView2/2/w/80/format/jpg,169,55,15,14
6a2e3eeb000000001702d272,ABcL26rrWBFd_ipLEzPQSUyMzzLqrcG4KLj4xnzABR8qY=,🏆见证历史了 纽约沸腾了,粉红粉红的一天,https://sns-avatar-qc.xhscdn.com/avatar/1040g2jo31uti5mi4ii004a5i335ein0i1fpus2g?imageView2/2/w/80/format/jpg,960,22,39,20
69eca4e4000000003700ed94,ABP9axZ52w_sr7iISzEKbzxCykzwXmFafxqxnjJIFdGg0=,NBA球星典藏版海报 第四弹,枝策AI,https://sns-avatar-qc.xhscdn.com/avatar/1040g2jo31qekse74g05g5pvn7652nnnff9pg1o0?imageView2/2/w/80/format/jpg,281,154,31,23
6a03f8a50000000035038e97,ABHhzRNzR8nmtHlNz4KnHfgvVY3al6KGvKV6SiB8CdKV4=,又来NBA,66,https://sns-avatar-qc.xhscdn.com/avatar/1040g2jo31i834gatmo005olmuhlmsv0cljq2vn0?imageView2/2/w/80/format/jpg,125,24,4,5
69fd762f000000003601844d,ABaqbqG8RBpToh2gLxdwuu2npc1mJSdrv10cbuYmdB4ig=,2026 NBA季后赛｜全网都在追的热血时刻！,美国美乐假期国际旅行社-Mtour,https://sns-avatar-qc.xhscdn.com/avatar/09a92a65-24c7-3873-abb2-57b5bee1d84a?imageView2/2/w/80/format/jpg,7,2,0,1
69c5583d000000001b0219be,ABS0o_QAN9ZbXTjZsIfnLoodWebmsD_rllpM_axK-LA4g=,2K26极限操作！这真不是老大的实战录像？？,爱玩游戏的Linfeng,https://sns-avatar-qc.xhscdn.com/avatar/1040g2jo31lb4r7i2ks004a9dg547186e337b260?imageView2/2/w/80/format/jpg,242,61,55,29
69ea50cd0000000019032402,ABrXwExhQasYdX7gx0Dlw5cWICjRk5TZZOXvnqnMYTkrY=,这张NBA传奇海报，帅炸了！,小红薯6463E6A8,https://sns-avatar-qc.xhscdn.com/avatar/529594cd91bbf4c43608131bf9134bdc.jpg?imageView2/2/w/80/format/jpg,25,18,1,4
69e31ffe00000000210050c0,ABeIxyQY9JMSxIUR7SfQhvrjhlS0fujdo44K_kRrJr8E4=,NBA附加赛完毕！对阵出炉！,Brunson,https://sns-avatar-qc.xhscdn.com/avatar/1040g2jo31fsvtvk57i005onb1rfnqrduii2tu7g?imageView2/2/w/80/format/jpg,140,38,45,14
68ee2376000000000700ae8a,ABHUHz5xCmvV4nEkABeC9hrCbZAw-jOoOR-fy2lmHQkd4=,Vlog🏀NBA看球日记,RealChezza,https://sns-avatar-qc.xhscdn.com/avatar/1040g2jo31u4bda8lis004as690jhlnpg94rpf60?imageView2/2/w/80/format/jpg,604,112,12,25
69e33124000000001b022896,ABeIxyQY9JMSxIUR7SfQhvrvyT4rCd4okFK4LomdQnhyc=,NBA女主播 | 金州勇士 下赛季再见🌙,魏欣怡,https://sns-avatar-qc.xhscdn.com/avatar/1040g2jo312phcbmp2u005no60dvgbmo3likq4r8?imageView2/2/w/80/format/jpg,396,116,15,10
6a5b5b69000000000c017b94,ABEAgP4coJ8pvXgDzq8_zpaIYnEzUn1nV0EpFUlUhLN8A=,NBA情侣穿搭｜低调球迷风日常也能穿,JACK &JONES资深搭配师--晓意,https://sns-avatar-qc.xhscdn.com/avatar/60f4a3e3000000000101e4a8.jpg?imageView2/2/w/80/format/jpg,7,1,0,1
69a577020000000022030695,ABtSEDP2v-mtT_Q_4IrNlWA4gX8wtrUEMwG5SD5eUYDw4=,NBA各球星首冠年齡,曾牛,https://sns-avatar-qc.xhscdn.com/avatar/1040g2jo31j975panii5g5pol1dune6l1ame659o?imageView2/2/w/80/format/jpg,23,7,5,1
68f700b20000000003019c26,ABePipSL_hK68Svv0tVcY8bCLp91vd5Efc6mg7L_pQTHs=,NBA球星相约突袭野球场！观赏性拉满,高清篮球动态,https://sns-avatar-qc.xhscdn.com/avatar/1040g2jo31bf6biscge005nk496eg8ajpr40b4vg?imageView2/2/w/80/format/jpg,143,61,4,4
